opening,eco,n2019,share2019,white_short_rate,black_short_rate,weapon_side,trickiness,soundness,low_winrate,punish_gap,surprise
Alekhine Defense,B02,357990,0.0017337163468326697,0.10531579094388112,0.08165870555043436,white,0.10531579094388112,0.4741802668783174,0.5126041910103607,0.03842392413204332,6.357487997146451
Alekhine Defense #2,B03,88174,0.0004270194842471125,0.1007099598521106,0.05916710141311498,white,0.1007099598521106,0.5016355904481518,0.540597223609308,0.038961633161156195,7.758680915221393
Alekhine Defense #3,B03,22186,0.00010744498692932654,0.07044983322816191,0.08311547822951411,black,0.08311547822951411,0.4862979571499751,0.44825174825174824,-0.03804620889822685,9.138531590879657
Alekhine Defense: Balogh Variation,B03,24166,0.00011703396529947287,0.08855416701150376,0.07187784490606637,white,0.08855416701150376,0.5256081946222791,0.4953943580886586,-0.03021383653362053,9.053046363591008
Alekhine Defense: Brooklyn Variation,B02,44443,0.0002152338210628351,0.10165830389487658,0.048444074432419056,white,0.10165830389487658,0.49375,0.5416582610449869,0.04790826104498691,8.443785580952499
Alekhine Defense: Exchange Variation,B03,138688,0.0006716546627266943,0.041979118597138904,0.05181414397784956,black,0.05181414397784956,0.4687212208919879,0.45186136071887034,-0.01685986017311758,7.305766244282231
Alekhine Defense: Four Pawns Attack,B03,30747,0.00014890521108428754,0.06745373532377143,0.07818648973883631,black,0.07818648973883631,0.5034203192297948,0.443217665615142,-0.060202653614652823,8.812200621678588
"Alekhine Defense: Four Pawns Attack, 6...Nc6",B03,18260,8.843168941357174e-05,0.04879518072289157,0.13795180722891567,black,0.13795180722891567,0.604,0.4861111111111111,-0.11788888888888888,9.333280175029302
"Alekhine Defense: Four Pawns Attack, Fianchetto Variation",B03,15246,7.383513345012676e-05,0.0444706808343172,0.06342647251738161,black,0.06342647251738161,0.48135964912280704,0.528169014084507,0.04680936496169996,9.513675876630042
"Alekhine Defense: Four Pawns Attack, Main Line",B03,12083,5.8516982649736436e-05,0.04758751965571464,0.07390548704791856,black,0.07390548704791856,0.49396621078037006,0.4,-0.09396621078037004,9.746193544150954
"Alekhine Defense: Four Pawns Attack, Trifunovic Variation",B03,9565,4.6322514197196806e-05,0.06450601150026138,0.07307893361212754,black,0.07307893361212754,0.4885608856088561,0.46564885496183206,-0.022912030647024018,9.97988244730391
"Alekhine Defense: Hunt Variation, Lasker Simul Gambit",B02,7353,3.5609978765497975e-05,0.093703250373997,0.0484156126750986,white,0.093703250373997,0.5218612113918973,0.47157190635451507,-0.05028930503738227,10.242884656982039
Alekhine Defense: John Tracy Gambit,B02,134242,0.0006501230476591838,0.09750301693955692,0.1146213554625229,black,0.1146213554625229,0.5304029304029304,0.4926464774254764,-0.037756452977454,7.338348908899298
Alekhine Defense: Krejcik Variation,B02,43575,0.00021103016791875075,0.12800917957544464,0.11026965002868618,white,0.12800917957544464,0.44063324538258575,0.48012976480129765,0.039496519418711906,8.46350945879004
"Alekhine Defense: Krejcik Variation, Krejcik Gambit",B02,5539,2.682492484456593e-05,0.10669795992056327,0.08304748149485466,white,0.10669795992056327,0.46519524617996605,0.4868073878627968,0.021612141682830766,10.526179071145158
Alekhine Defense: Maróczy Variation,B02,185614,0.0008989134500991624,0.06598640188778863,0.07098602476106328,black,0.07098602476106328,0.46263137407551574,0.46074339097594913,-0.0018879830995666147,7.014323801654319
Alekhine Defense: Modern Variation,B04,6622,3.206980543793385e-05,0.08471760797342193,0.06191482935668982,white,0.08471760797342193,0.4916864608076009,0.5301047120418848,0.038418251234283884,10.34759561107107
"Alekhine Defense: Modern Variation, Alburt Variation",B04,16809,8.140461486049986e-05,0.05776667261586055,0.0593729549646023,black,0.0593729549646023,0.456297449873467,0.4543147208121827,-0.001982729061284272,9.416078592944867
"Alekhine Defense: Modern Variation, Alekhine Gambit",B04,5598,2.7110657028322817e-05,0.06538049303322616,0.08324401571989996,black,0.08324401571989996,0.5106382978723404,0.4272300469483568,-0.08340825092398357,10.515583659102862
"Alekhine Defense: Modern Variation, Larsen Variation",B04,21162,0.00010248583851971551,0.09044513751063227,0.07064549664492958,white,0.09044513751063227,0.47408270238788586,0.5305216426193119,0.05643894023142604,9.185785929714156
"Alekhine Defense: Modern Variation, Larsen-Haakert Variation",B04,19837,9.606897168110749e-05,0.08796693048344004,0.07642284619650148,white,0.08796693048344004,0.49722340879965826,0.5006497725795972,0.0034263637799389346,9.250444169450153
"Alekhine Defense: Modern Variation, Main Line",B05,29546,0.00014308886612340583,0.06566032627089961,0.05736817166452312,white,0.06566032627089961,0.47894406033940917,0.5301775147928994,0.05123345445349026,8.852044679296709
"Alekhine Defense: Modern Variation, Schmid Variation",B04,10974,5.314618617878074e-05,0.059595407326407876,0.049571714962638964,white,0.059595407326407876,0.4736159169550173,0.5255681818181818,0.051952264863164455,9.84246421155934
Alekhine Defense: Mokele Mbembe,B02,41235,0.00019969773893585053,0.13022917424518007,0.08323026555110949,white,0.13022917424518007,0.5254110612855007,0.574050594699028,0.048639533413527225,8.518705639910806
"Alekhine Defense: Mokele Mbembe, Vavra Defense",B02,19114,9.256754170049345e-05,0.10426912210944857,0.12613790938579053,black,0.12613790938579053,0.441233140655106,0.41734071235986947,-0.023892428295236523,9.287571999352137
Alekhine Defense: Normal Variation,B02,139481,0.0006754950969931216,0.09498067837196464,0.06829604032090392,white,0.09498067837196464,0.4810274372446001,0.5221811798266467,0.04115374258204657,7.3000646589277105
Alekhine Defense: Scandinavian Variation,B02,308799,0.0014954883493549585,0.08278848053264422,0.08980922865682855,black,0.08980922865682855,0.4658682906876335,0.46739870757678953,0.0015304168891560055,6.505302470392716
"Alekhine Defense: Scandinavian Variation, Geschev Gambit",B02,83786,0.0004057687584449902,0.07201680471677846,0.1098035471319791,black,0.1098035471319791,0.4757199915913391,0.47754767274964116,0.0018276811583020636,7.809727121104046
Alekhine Defense: Steiner Variation,B02,5040,2.4408308578554304e-05,0.052182539682539685,0.08055555555555556,black,0.08055555555555556,0.46466809421841543,0.49731663685152055,0.032648542633105126,10.620586968112848
Alekhine Defense: Sämisch Attack,B02,37567,0.000181933914359236,0.08917400910373466,0.04908563366784678,white,0.08917400910373466,0.4995972289350733,0.506429277942631,0.006832049007557739,8.611867044743406
Alekhine Defense: The Squirrel,B02,7917,3.834138472547905e-05,0.14235190097259062,0.06441834028040924,white,0.14235190097259062,,0.5932407966203983,,10.168980704006827
Alekhine Defense: Two Pawn Attack,B02,105499,0.000510923044985893,0.0803988663399653,0.06593427425852377,white,0.0803988663399653,0.4658091613072582,0.531224133173917,0.06541497186665884,7.579291575997912
"Alekhine Defense: Two Pawn Attack, Lasker Variation",B02,57891,0.00028036138728593,0.08053065243302068,0.058005562177195075,white,0.08053065243302068,0.5006466632177962,0.5071201600564905,0.006473496838694359,8.179431118113795
Amar Opening,E00,43524,0.00021078317908194394,0.08121955702600864,0.10754985754985755,black,0.10754985754985755,0.44316546762589926,0.5395785876993167,0.0964131200734174,8.46468054010736
Amazon Attack,D00,58424,0.0002829426627764795,0.09775092427769409,0.12090921539093523,black,0.12090921539093523,0.43781094527363185,0.503685968117951,0.06587502284431912,8.170266285878316
Amazon Attack: Siberian Attack,D00,13683,6.626565203975368e-05,0.11247533435650077,0.11634875392823212,black,0.11634875392823212,0.5024630541871922,0.48578535891968727,-0.0166776952675049,9.621838863798452
Anderssen Opening,A00,126595,0.0006130892508932703,0.0638097871163948,0.07455270745290099,black,0.07455270745290099,0.4581143544608371,0.4911206575787302,0.0330063031178931,7.39700003573675
Australian Defense,A40,7593,3.677227917400056e-05,0.11971552745950217,0.062162518108784405,white,0.11971552745950217,0.4740608228980322,0.5694716242661448,0.09541080136811264,10.210766279965029
Barnes Defense,B00,100314,0.0004858125132438683,0.16251968817911758,0.05627330183224675,white,0.16251968817911758,0.5381094527363184,0.5628991875734505,0.024789734837132094,7.62968778371256
Barnes Opening: Walkerling,A00,18084,8.757933578066984e-05,0.07714001327140013,0.1285113912851139,black,0.1285113912851139,0.5015290519877675,0.5197942294788638,0.01826517749109624,9.342965480763766
Benko Gambit,A57,92856,0.0004496940280496505,0.05083139484793659,0.07181011458602568,black,0.07181011458602568,0.4959584295612009,0.4794326241134752,-0.016525805447725694,7.706943144129803
"Benko Gambit Accepted, Fianchetto Variation",A58,11005,5.329631664821232e-05,0.02489777373920945,0.0506133575647433,black,0.0506133575647433,0.485378590078329,0.25,-0.235378590078329,9.8396433352177
"Benko Gambit Accepted, Fully Accepted Variation",A58,46529,0.00022533614878007008,0.0374820004728234,0.05777042274710396,black,0.05777042274710396,0.46556387194163157,0.49740932642487046,0.03184545448323889,8.397917276081367
"Benko Gambit Accepted, Modern Variation",A57,13068,6.32872572429658e-05,0.052647689011325376,0.056320783593510865,black,0.056320783593510865,0.441216771718279,0.39215686274509803,-0.049059908973180966,9.667826556457301
"Benko Gambit Accepted, Pawn Return Variation",A57,23364,0.00011314994476772674,0.038906009244992296,0.04160246533127889,black,0.04160246533127889,0.4649515675450474,0.3333333333333333,-0.1316182342117141,9.086796674018062
"Benko Gambit Accepted, Yugoslav, without 7...Bxf1",A59,10309,4.9925645463554825e-05,0.03346590357939665,0.04442719953438743,black,0.04442719953438743,0.44590523144344013,0.38461538461538464,-0.061289846828055494,9.904975750081878
"Benko Gambit Declined, Main Line",A57,11429,5.534971403656689e-05,0.05687286726747747,0.047073234753696735,white,0.05687286726747747,0.47585166019836134,0.5555555555555556,0.07970389535719424,9.801839065280664
Benko Gambit: Zaitsev System,A58,21277,0.000103042774132123,0.04624712130469521,0.06763171499741505,black,0.06763171499741505,0.493392890377815,0.5645161290322581,0.07112323865444314,9.180366373104544
Benoni Defense,A56,146799,0.000710935573615713,0.05581781892247222,0.07247324573055675,black,0.07247324573055675,0.4565858571325804,0.4800748863332442,0.023489029200663814,7.248928746028012
Benoni Defense: Benoni Gambit Accepted,A43,398175,0.0019283290214813214,0.09432033653544296,0.106473284359892,black,0.106473284359892,0.4758695390540378,0.4842491929798523,0.008379653925814523,6.25110144305828
"Benoni Defense: Benoni Gambit, Schlenker Defense",A43,5059,2.4500324027560757e-05,0.0721486459774659,0.07135797588456216,white,0.0721486459774659,0.49113660062565173,0.48846153846153845,-0.0026750621641132843,10.616824214886325
Benoni Defense: Benoni-Indian Defense,A43,45502,0.00022036247161535277,0.08223814337831305,0.062239022460551185,white,0.08223814337831305,0.5017613075947583,0.5213380887959661,0.01957678120120776,8.420236769161303
"Benoni Defense: Benoni-Indian Defense, Kingside Move Order",A43,31648,0.000153268680534541,0.05554853387259859,0.04594287158746208,white,0.05554853387259859,0.48173282513712,0.5323076923076923,0.050574867170572246,8.783318094755822
Benoni Defense: Classical Variation,A70,16390,7.93754320639891e-05,0.03544844417327639,0.03801098230628432,black,0.03801098230628432,0.47155688622754494,0.5634517766497462,0.09189489042220128,9.441321657440387
"Benoni Defense: Classical Variation, Averbakh-Grivas Attack",A71,7817,3.785709288860297e-05,0.038889599590635794,0.040040936420621724,black,0.040040936420621724,0.4732394366197183,0.5310734463276836,0.05783400970796532,10.181692200957931
"Benoni Defense: Classical Variation, New York Variation",A70,10711,5.187249864779665e-05,0.0393987489496779,0.03958547287834936,black,0.03958547287834936,0.4290934003197077,0.5217391304347826,0.09264573011507488,9.866721799413632
Benoni Defense: Cormorant Gambit,A43,9335,4.520864297238183e-05,0.1365827530798072,0.09683985002678093,white,0.1365827530798072,,0.5293036083658929,,10.004222273202439
Benoni Defense: Czech Benoni Defense,A56,25471,0.00012335397377070568,0.04668053865180009,0.05374739900278749,black,0.05374739900278749,0.47220708446866483,0.46445497630331756,-0.007752108165347271,9.000452500098769
Benoni Defense: Fianchetto Variation,A62,8598,4.1639412134605136e-05,0.04756920214003257,0.025354733658990464,white,0.04756920214003257,0.5085685483870968,0.6923076923076923,0.18373914392059554,10.086463432122034
Benoni Defense: Four Pawns Attack,A68,6074,2.9415886171852945e-05,0.0286466908133026,0.04955548238393151,black,0.04955548238393151,0.49785867237687365,0.2857142857142857,-0.21214438666258795,10.433975683572568
"Benoni Defense: Four Pawns Attack, Main Line",A69,6125,2.9662875008659745e-05,0.059918367346938776,0.04179591836734694,white,0.059918367346938776,0.5789273488018258,0.6666666666666666,0.0877393178648408,10.425614293765333
Benoni Defense: Hromádka System,A57,73180,0.00035440476622591345,0.049357748018584315,0.04758130636786007,white,0.049357748018584315,0.4870136432541688,0.518794704002435,0.0317810607482662,7.945070890605064
Benoni Defense: King's Pawn Line,A65,76362,0.00036981493247531023,0.045389067860977975,0.04032110211885493,white,0.045389067860977975,0.49277478862413526,0.5231306371835903,0.030355848559455056,7.90250785995816
Benoni Defense: Modern Variation,A60,72182,0.0003495715336938902,0.07729073730292871,0.06611066470865312,white,0.07729073730292871,0.4697837978640271,0.5296265094074698,0.05984271154344273,7.958802342858844
"Benoni Defense: Modern Variation, Snake Variation",A60,8335,4.036572460362105e-05,0.0752249550089982,0.059748050389922015,white,0.0752249550089982,0.47002854424357754,0.5709515859766278,0.10092304173305022,10.117529533993368
Benoni Defense: Old Benoni,A43,157592,0.000763205191569748,0.05614498197878065,0.04983755520584801,white,0.05614498197878065,0.5057747834456208,0.5060251639199007,0.00025038047427994314,7.17798363548207
Benoni Defense: Taimanov Variation,A67,7310,3.540173327564126e-05,0.05649794801641587,0.037756497948016415,white,0.05649794801641587,0.5246583481877599,0.5,-0.024658348187759915,10.248749776434437
Benoni Defense: Weenink Variation,A56,8810,4.2666110828782425e-05,0.06503972758229284,0.10022701475595913,black,0.10022701475595913,0.46016343207354443,0.565625,0.10546156792645561,10.062105610248036
Bird Opening,A02,911947,0.004416484877636282,0.0692375763065178,0.058366330499469814,white,0.0692375763065178,0.4872284286756863,0.48538057784152705,-0.001847850834159226,5.422411175845567
Bird Opening: Dutch Variation,A03,702469,0.0034020000235850125,0.07199890671332115,0.0594887461226047,white,0.07199890671332115,0.48918725788860057,0.47965342041488496,-0.009533837473715612,5.683391778075777
"Bird Opening: Dutch Variation, Batavo Gambit",A02,13356,6.46820177331689e-05,0.09763402216232404,0.11889787361485475,black,0.11889787361485475,0.5489296636085627,0.5258764607679466,-0.02305320284061607,9.646027328114716
Bird Opening: From's Gambit,A02,122615,0.0005938144357856024,0.08206173796028218,0.11648656363413938,black,0.11648656363413938,0.46916351606805295,0.47417310530427986,0.005009589236226908,7.428943685075281
"Bird Opening: From's Gambit, Lasker Variation",A02,20506,9.930888406980844e-05,0.09285087291524431,0.13942260801716572,black,0.13942260801716572,0.40019553527782303,0.6521739130434783,0.25197837776565524,9.217275523948226
Bird Opening: Hobbs Gambit,A02,5198,2.5173489680818505e-05,0.10657945363601386,0.08849557522123894,white,0.10657945363601386,0.5006839945280438,0.5229681978798587,0.022284203351814913,10.589719113976827
Bird Opening: Lasker Variation,A03,19710,9.545392104827486e-05,0.07184170471841704,0.04180618975139523,white,0.07184170471841704,0.49107952827335954,0.501219512195122,0.010139983921762408,9.256866929031496
Bird Opening: Schlechter Gambit,A02,17782,8.611677443330409e-05,0.09953885952086379,0.10460015746260264,black,0.10460015746260264,0.4728894989704873,0.4692675745307324,-0.0036219244397548978,9.359806340497178
Bird Opening: Sturm Gambit,A02,7610,3.6854608786269493e-05,0.0923784494086728,0.07936925098554533,white,0.0923784494086728,0.46885245901639344,0.4629277566539924,-0.0059247023624010575,10.20852987832253
Bird Opening: Wagner-Zwitersch Gambit,A02,6073,2.9411043253484182e-05,0.16169932488061914,0.08233163181294254,white,0.16169932488061914,0.4974160206718346,0.4943310657596372,-0.003084954912197402,10.434140333280686
Bird Opening: Williams Gambit,A03,52960,0.0002564809568095706,0.09176737160120846,0.12902190332326283,black,0.12902190332326283,0.53156146179402,0.5233577083459238,-0.008203753448096207,8.268456138567371
Bishop's Opening,C23,1703156,0.008248245477265126,0.1328328115568979,0.07630774867363882,white,0.1328328115568979,0.49674358768191684,0.5224951697488269,0.025751582066910084,4.797754770675304
Bishop's Opening: Berlin Defense,C24,805409,0.0039005300404652467,0.11239382723560327,0.08461787737658755,white,0.11239382723560327,0.49332719742291764,0.5059286159808258,0.012601418557908195,5.546642827269564
"Bishop's Opening: Berlin Defense, Greco Gambit",C23,6687,3.23845951319033e-05,0.15432929564827277,0.14610438163601017,white,0.15432929564827277,,0.5227675931401538,,10.337827707124283
Bishop's Opening: Boden-Kieseritzky Gambit,C27,9656,4.676321976875404e-05,0.225973487986744,0.0837821043910522,white,0.225973487986744,0.5092936802973977,0.5380333951762524,0.028739714878854628,9.970413566400895
Bishop's Opening: Boi Variation,C20,437673,0.0021196146112106343,0.1376073004274881,0.08787153879722989,white,0.1376073004274881,0.4820582261340555,0.5358701726833478,0.05381194654929228,6.1565209939883
Bishop's Opening: Calabrese Countergambit,C23,38194,0.00018497042417644902,0.13787505890977642,0.11661517515840185,white,0.13787505890977642,0.44696969696969696,0.509699655342196,0.062729958372499,8.595314614982902
"Bishop's Opening: Calabrese Countergambit, Jaenisch Variation",C23,6183,2.994376427404787e-05,0.12065340449619925,0.08410156881772603,white,0.12065340449619925,0.512396694214876,0.5371287128712872,0.02473201865641117,10.416189459619693
Bishop's Opening: Khan Gambit,C23,35750,0.0001731343316831977,0.17057342657342658,0.11163636363636363,white,0.17057342657342658,0.5548172757475083,0.5586249232658073,0.0038076475182989844,8.661442781056108
Bishop's Opening: Lewis Gambit,C23,15348,7.432911112374036e-05,0.20484753713838938,0.07427677873338545,white,0.20484753713838938,0.515625,0.5877509006690684,0.07212590066906843,9.507007877811418
Bishop's Opening: Philidor Counterattack,C23,162183,0.0007854390298007287,0.12349629739245174,0.08040916742198627,white,0.12349629739245174,0.4879663056558363,0.5290222744654575,0.041055968809621146,7.1492677228855745
Bishop's Opening: Philidor Variation,C23,21354,0.00010341567884651757,0.10302519434298024,0.08621335581155755,white,0.10302519434298024,0.5263157894736842,0.5095734597156398,-0.01674232975804435,9.176753974440015
Bishop's Opening: Ponziani Gambit,C24,84017,0.000406887472588174,0.20436340264470285,0.1043479295856791,white,0.20436340264470285,0.5729665071770335,0.5392397196423022,-0.03372678753473124,7.806973890876693
Bishop's Opening: Stein Gambit,C23,7560,3.661246286783145e-05,0.1394179894179894,0.14166666666666666,black,0.14166666666666666,0.5288461538461539,0.4442446043165468,-0.08460154952960708,10.215121860004682
Bishop's Opening: Urusov Gambit,C24,31943,0.0001546973414533254,0.17211908712393953,0.1018689540744451,white,0.17211908712393953,0.49649941656942825,0.5365102373618409,0.04001082079241264,8.77403998570858
"Bishop's Opening: Urusov Gambit, Keidansky Gambit",C24,10905,5.281202481133624e-05,0.264007336084365,0.10692342961944062,white,0.264007336084365,0.5896328293736501,0.5700750098697197,-0.01955781950393043,9.848771650542533
Bishop's Opening: Vienna Hybrid,C28,152395,0.0007380365448072982,0.0946028413005676,0.06544177958594442,white,0.0946028413005676,0.4994748818484159,0.5208287827253721,0.021353900876956267,7.211517215880736
"Bishop's Opening: Vienna Hybrid, Hromádka Variation",C28,10697,5.1804697790634005e-05,0.1038608955781995,0.05824062821351781,white,0.1038608955781995,0.5065913370998116,0.5359256128486898,0.029334275748878147,9.868029721872132
"Bishop's Opening: Vienna Hybrid, Spielmann Attack",C26,85064,0.00041195800812026653,0.09925467883005737,0.07146383899181792,white,0.09925467883005737,0.514916918429003,0.5276388793752996,0.012721960946296629,7.79458913584734
Bishop's Opening: Warsaw Gambit,C24,8138,3.9411669684975184e-05,0.15654952076677317,0.11046940280167117,white,0.15654952076677317,,0.5202411714039621,,10.141448600616627
Blackmar-Diemer Gambit,D00,171993,0.0008329480589982719,0.11788270452867268,0.11694661992057816,white,0.11788270452867268,0.47994955863808325,0.45800883179446006,-0.021940726843623193,7.090539271885263
Blackmar-Diemer Gambit #2,D00,24652,0.00011938762362669061,0.11443290605224728,0.1347963654064579,black,0.1347963654064579,0.4785276073619632,0.530052918410868,0.05152531104890479,9.033135017096129
"Blackmar-Diemer Gambit Declined, Lamb Defense",D00,17206,8.332725345289788e-05,0.11199581541322795,0.12507264907590376,black,0.12507264907590376,0.43253968253968256,0.5017561983471074,0.06921651580742483,9.392734889996968
"Blackmar-Diemer Gambit Declined, O'Kelly Defense",D00,9432,4.5678406054151625e-05,0.114715860899067,0.062234944868532656,white,0.114715860899067,0.4808831448572967,0.5196374622356495,0.03875431737835283,9.993884886961055
"Blackmar-Diemer Gambit Declined, Weinsbach Declination",D00,16206,7.848433508413712e-05,0.1356904850055535,0.0884857460199926,white,0.1356904850055535,0.5705950991831972,0.48639079442354505,-0.08420430475965213,9.452611506157591
Blackmar-Diemer Gambit: Diemer-Rosenberg Attack,D00,16153,7.822766041059278e-05,0.12468272147588683,0.08958088280814709,white,0.12468272147588683,0.4276595744680851,0.4828217117300264,0.0551621372619413,9.455887259264504
Blackmar-Diemer Gambit: Euwe Defense,D00,21691,0.00010504774233678996,0.22046009865842978,0.0664791849154027,white,0.22046009865842978,0.5952906548933039,0.5097548774387194,-0.08553577745458452,9.161095622224625
Blackmar-Diemer Gambit: Fritz Attack,D00,16305,7.896378400264443e-05,0.10757436369211898,0.11223551057957681,black,0.11223551057957681,,0.5224240703945501,,9.446521240954842
Blackmar-Diemer Gambit: Gedult Gambit,D00,74473,0.00036066665967672117,0.14355538248761296,0.09443691002108147,white,0.14355538248761296,0.4756195043964828,0.4774944916587976,0.0018749872623147756,7.927556406606582
"Blackmar-Diemer Gambit: Lemberger Countergambit, Endgame Variation",D00,5373,2.6021000395351643e-05,0.08412432533035548,0.09398846082263168,black,0.09398846082263168,0.46905537459283386,0.4263883712262393,-0.04266700336659457,10.55660663844944
Blackmar-Diemer Gambit: Netherlands Variation,D00,47948,0.0002322082499453416,0.14761825310753315,0.08521731876199216,white,0.14761825310753315,0.5804953560371517,0.505745874407712,-0.07474948162943973,8.367875959851272
Blackmar-Diemer Gambit: Pietrowsky Defense,D00,7196,3.484964058160253e-05,0.1631461923290717,0.09588660366870484,white,0.1631461923290717,,0.4933008526187576,,10.264467734107837
Blackmar-Diemer Gambit: Rasa-Studier Gambit,D00,10080,4.881661715710861e-05,0.10952380952380952,0.09037698412698413,white,0.10952380952380952,0.4588744588744589,0.46331920443430064,0.004444745559841756,9.927439787552903
Blackmar-Diemer Gambit: Ryder Gambit,D00,96898,0.0004692691040961815,0.1930173997399327,0.09936221593840946,white,0.1930173997399327,0.45727636849132175,0.5518745739604636,0.09459820546914183,7.6643341713472894
Blackmar-Diemer Gambit: Teichmann Variation,D00,27125,0.000131364160752636,0.15948387096774194,0.07686635944700461,white,0.15948387096774194,0.5286762707257406,0.5188943317004898,-0.009781939025250819,8.937537238335501
Blackmar-Diemer Gambit: Vienna Variation,D00,20162,9.764292015095474e-05,0.126773137585557,0.11149687530998909,white,0.126773137585557,0.4971209213051823,0.47061442564559214,-0.02650649565959018,9.234193405564374
Blackmar-Diemer Gambit: Zeller Defense,D00,36663,0.00017755591615387626,0.15879769795161333,0.09101819272836374,white,0.15879769795161333,0.5062893081761006,0.5125432891291494,0.006253980953048743,8.636224978072152
Blackmar-Diemer Gambit: Ziegler Defense,D00,10329,5.002250383093004e-05,0.16187433439829607,0.058476135153451445,white,0.16187433439829607,0.5380670611439842,0.5391304347826087,0.0010633736386245207,9.903037577171629
Blackmar-Diemer Gambit: von Popiel Gambit,D00,40965,0.00019839015097628513,0.1372879287196387,0.08761137556450628,white,0.1372879287196387,0.5279295689131754,0.48501577287066244,-0.042913796042513,8.525275006602346
Blumenfeld Countergambit #2,E10,61349,0.00029710819900510474,0.07439404065265938,0.06198960048248545,white,0.07439404065265938,0.49440676473178896,0.5073038773669973,0.012897112635208374,8.12141417909055
Bogo-Indian Defense: Exchange Variation,E11,23510,0.00011385701084956581,0.06227137388345385,0.045512547851977884,white,0.06227137388345385,0.4861386138613861,0.5036958817317846,0.017557267870398463,9.080567187644146
Bogo-Indian Defense: Grünfeld Variation,E11,20030,9.700365492627831e-05,0.05946080878681977,0.03719420868696954,white,0.05946080878681977,0.5048453006421483,0.5325,0.027654699357851698,9.240761900518399
Bogo-Indian Defense: Nimzowitsch Variation,E11,22414,0.00010854917231740399,0.04046578031587401,0.03631658784688142,white,0.04046578031587401,0.4702407489968792,0.45320197044334976,-0.01703877855352942,9.128307286566288
Bogo-Indian Defense: Retreat Variation,E11,6419,3.108669300907541e-05,0.05670665212649945,0.03925845147219193,white,0.05670665212649945,0.4983210208193418,0.5053003533568905,0.006979332537548677,10.378730707866483
Bogo-Indian Defense: Vitolins Variation,E11,5681,2.751261925292996e-05,0.04559056504136596,0.04805491990846682,black,0.04805491990846682,0.4534653465346535,0.6363636363636364,0.18289828982898287,10.500865776621135
Bogo-Indian Defense: Wade-Smyslov Variation,E11,10008,4.846792703455783e-05,0.051458832933653074,0.03207434052757794,white,0.051458832933653074,0.465627395859954,0.4697986577181208,0.004171261858166797,9.934608277031515
Borg Defense,B00,89074,0.0004313781107789972,0.15271571951411186,0.09299009812066372,white,0.15271571951411186,0.5105145413870246,0.545968882602546,0.03545434121552138,7.74852556526177
Borg Defense: Borg Gambit,A40,41665,0.00020178019383441766,0.14938197527901115,0.08786751470058803,white,0.14938197527901115,0.5036803364879074,0.5636858604190728,0.06000552393116532,8.508331602361954
Budapest Defense,A52,59223,0.00028681215455311933,0.1102949867450146,0.13070935278523546,black,0.13070935278523546,0.4309149331980382,0.4828091901580577,0.05189425696001948,8.156683070244485
Budapest Defense: Adler Variation,A52,148496,0.0007191540060874999,0.08363188234026506,0.12687883848723197,black,0.12687883848723197,0.4464946817887994,0.5003352811571989,0.05384059936839952,7.2374350283430875
Budapest Defense: Alekhine Variation,A52,12370,5.990690022157078e-05,0.11285367825383993,0.08431689571544058,white,0.11285367825383993,0.527651858567543,0.5567484662576687,0.029096607690125675,9.722718863791728
Budapest Defense: Fajarowicz Variation,A51,23245,0.0001125736374818442,0.0799741879974188,0.1319423531942353,black,0.1319423531942353,0.47980676328502414,0.457286432160804,-0.02252033112422014,9.091902995053577
Budapest Defense: Rubinstein Variation,A52,65423,0.00031683824843943613,0.09808477141066597,0.09368264983262767,white,0.09808477141066597,0.5202787869800549,0.4726027397260274,-0.04767604725402752,8.05711917160139
Canard Opening,A45,80300,0.0003888863450114902,0.06946450809464508,0.05019925280199253,white,0.06946450809464508,0.46593435334117955,0.47323270713432514,0.007298353793145584,7.852223429243408
Caro-Kann Defense,B10,2768881,0.013409464655812702,0.07542072050044765,0.06644091963504391,white,0.07542072050044765,0.4752249036127374,0.4870354083194892,0.011810504706751823,4.311794503752188
Caro-Kann Defense #2,B10,103701,0.0005022154777588611,0.08248715055785383,0.07165793965342668,white,0.08248715055785383,0.48476658476658474,0.48626163601205197,0.0014950512454672271,7.5964812918055955
Caro-Kann Defense: Accelerated Panov Attack,B10,31722,0.0001536270564938293,0.0661370657587794,0.05466237942122187,white,0.0661370657587794,0.5002663825253063,0.5197264597580221,0.01946007723271581,8.780982603714756
Caro-Kann Defense: Accelerated Panov Attack #2,B10,86021,0.0004165926809991706,0.1001383383127376,0.06004347775543181,white,0.1001383383127376,0.5044867854947757,0.48332150461320084,-0.02116528088157482,7.783401597704666
"Caro-Kann Defense: Accelerated Panov Attack, Modern Variation",B10,37903,0.00018356113493113964,0.09012479223280478,0.05677650845579506,white,0.09012479223280478,0.49850465692557466,0.4392764857881137,-0.05922817113746098,8.602962785567566
"Caro-Kann Defense: Accelerated Panov Attack, Open Variation",B10,17367,8.410696331026837e-05,0.07278171244313929,0.06633269994817757,white,0.07278171244313929,0.5,0.4842390253335912,-0.0157609746664088,9.383421196431147
Caro-Kann Defense: Advance Variation,B12,564678,0.0027346894586350967,0.07059067291447516,0.05540502728988911,white,0.07059067291447516,0.47978968123562277,0.5115787224951933,0.03178904125957055,5.901737393015399
"Caro-Kann Defense: Advance Variation, Bayonet Attack",B12,65790,0.00031861559948077135,0.088265693874449,0.05596595227238182,white,0.088265693874449,0.4782079870261504,0.49432697266632286,0.016118985640172445,8.051525199098219
"Caro-Kann Defense: Advance Variation, Botvinnik-Carls Defense",B12,188233,0.0009115970533069468,0.06663549962015163,0.06767676231054066,black,0.06767676231054066,0.47398593473985934,0.4934044760634356,0.019418541323576288,7.000312493038791
"Caro-Kann Defense: Advance Variation, Bronstein Variation",B12,24473,0.00011852074123868244,0.06210926326972582,0.043272177501736606,white,0.06210926326972582,0.500539762504498,0.5019011406844106,0.0013613781799125535,9.04042258115526
"Caro-Kann Defense: Advance Variation, Short Variation",B12,323857,0.0015684130141517582,0.07149451764204572,0.05854744532309013,white,0.07149451764204572,0.4954260324098275,0.4869116970718994,-0.008514335337928114,6.457690989855608
"Caro-Kann Defense: Advance Variation, Tal Variation",B12,60209,0.0002915872720647175,0.10765832350645252,0.051404275108372505,white,0.10765832350645252,0.5237269633339755,0.6234177215189873,0.09969075818501183,8.140171207394479
"Caro-Kann Defense: Advance Variation, Van der Wiel Attack",B12,77877,0.00037715195380398284,0.07362892766798927,0.0629068916368119,white,0.07362892766798927,0.4995564567228488,0.4842318605593839,-0.015324596163464932,7.882862391235304
Caro-Kann Defense: Alekhine Gambit,B15,11367,5.5049453097703726e-05,0.10451306413301663,0.0592064748834345,white,0.10451306413301663,0.48025078369905955,0.5690140845070423,0.08876330080798273,9.80727862949155
Caro-Kann Defense: Breyer Variation,B10,183339,0.0008878958108102317,0.06010177867229558,0.05608190292300056,white,0.06010177867229558,0.49578328648096087,0.476406674427629,-0.019376612053331854,7.026656152024485
Caro-Kann Defense: Bronstein-Larsen Variation,B16,29460,0.00014267237514369242,0.05848608282416837,0.06021724372029871,black,0.06021724372029871,0.4512303258700953,0.4192377495462795,-0.0319925763238158,8.85495963916164
Caro-Kann Defense: Classical Variation,B18,224103,0.001085312535194396,0.07739298447588831,0.06045880688790422,white,0.07739298447588831,0.47753869384673464,0.4754306348509247,-0.0021080589958099583,6.82588728259799
"Caro-Kann Defense: Classical Variation, Flohr Variation",B18,8660,4.1939673073468304e-05,0.09734411085450347,0.05103926096997691,white,0.09734411085450347,0.4951974386339381,0.6923076923076923,0.19711025367375418,10.07927832762178
"Caro-Kann Defense: Classical Variation, Lobron System",B19,8380,4.058365593021529e-05,0.01921241050119332,0.023269689737470168,black,0.023269689737470168,0.45326370757180157,0.25,-0.20326370757180157,10.112145135702134
"Caro-Kann Defense: Classical Variation, Main Line",B18,66722,0.0003231291994004564,0.08001858457480292,0.041110877971283835,white,0.08001858457480292,0.5008219178082192,0.5608391608391609,0.06001724303094169,8.037458316575721
"Caro-Kann Defense: Classical Variation, Maróczy Attack",B18,8651,4.189608680814946e-05,0.08808230262397411,0.03768350479713328,white,0.08808230262397411,0.509090909090909,0.5581395348837209,0.049048625792811884,10.080318128997888
"Caro-Kann Defense: Classical Variation, Seirawan Variation",B19,6049,2.9294813212633925e-05,0.022317738469168458,0.013390643081501074,white,0.022317738469168458,0.5216881594372802,0.42857142857142855,-0.09311673086585165,10.438100081071347
"Caro-Kann Defense: Classical, 7...Nd7",B19,11589,5.612458097556862e-05,0.039433945983259985,0.04159116403486064,black,0.04159116403486064,0.45682632779406973,0.35,-0.10682632779406975,9.78793667784387
"Caro-Kann Defense: Classical, Spassky Variation",B19,31478,0.00015244538441185166,0.0310057818158714,0.031164622911239597,black,0.031164622911239597,0.43987897716181923,0.5454545454545454,0.10557556829272619,8.788704161066715
Caro-Kann Defense: Euwe Attack,B10,27360,0.0001325022465692948,0.06907894736842106,0.08260233918128655,black,0.08260233918128655,0.46337641989815903,0.4616413916146298,-0.0017350282835292274,8.928910957441776
Caro-Kann Defense: Exchange Variation,B13,616438,0.0029853589134021543,0.06433412605971728,0.058510344917088175,white,0.06433412605971728,0.46591612025238155,0.47932296763437354,0.013406847381991993,5.814035300370004
"Caro-Kann Defense: Exchange Variation, Rubinstein Variation",B13,36801,0.00017822423888876526,0.05605825928643243,0.03706421021167903,white,0.05605825928643243,0.48588255672960334,0.5,0.014117443270396657,8.6324680314774
Caro-Kann Defense: Forgacs Variation,B15,12495,6.051226501766588e-05,0.05690276110444178,0.05786314525810324,black,0.05786314525810324,0.4558944765045342,0.4326241134751773,-0.023270363029356866,9.712664485909208
Caro-Kann Defense: Goldman Variation,B12,17495,8.472685686146975e-05,0.11654758502429266,0.0668190911689054,white,0.11654758502429266,0.5050335570469798,0.4843937575030012,-0.020639799543978654,9.376077924376473
Caro-Kann Defense: Gurgenidze Counterattack,B15,5234,2.5347834742093894e-05,0.06744363775315246,0.05941918226977455,white,0.06744363775315246,0.43304061470911087,0.5124555160142349,0.07941490130512402,10.58281724608817
Caro-Kann Defense: Gurgenidze System,B15,19339,9.365719833346462e-05,0.07818398055742283,0.05227778065049899,white,0.07818398055742283,0.46591412129260734,0.5345485375158966,0.06863441622328925,9.275869267815963
Caro-Kann Defense: Hillbilly Attack,B00,408954,0.0019805308385781937,0.0664182279669596,0.07352171637885924,black,0.07352171637885924,0.5069156293222683,0.5064063515269656,-0.0005092777953027428,6.224390369916137
"Caro-Kann Defense: Hillbilly Attack, Schaeffer Gambit",B10,5931,2.872334884512015e-05,0.1129657730568201,0.08952959028831563,white,0.1129657730568201,0.5362220717670955,0.4117647058823529,-0.12445736588474254,10.457800217339535
Caro-Kann Defense: Karpov Variation,B17,73557,0.0003562305464509363,0.07887760512255802,0.053033701755101484,white,0.07887760512255802,0.4723661988235979,0.4809451219512195,0.008578923127621596,7.939932434325913
"Caro-Kann Defense: Karpov Variation, Modern Variation, Kasparov Attack",B17,20684,0.00010017092353944786,0.05888609553277896,0.04099787275188552,white,0.05888609553277896,0.4675346924790132,0.46551724137931033,-0.0020174510997028605,9.20863259566215
Caro-Kann Defense: Main Line,B15,83605,0.00040489219022024457,0.08186113270737395,0.060068177740565755,white,0.08186113270737395,0.475711456270197,0.5239885697097307,0.048277113439533725,7.811889723281492
Caro-Kann Defense: Maróczy Variation,B12,68728,0.0003328440936481905,0.10342218600861366,0.07518042137120243,white,0.10342218600861366,0.5021568488791458,0.4891339604281544,-0.013022888450991421,8.007836364860369
"Caro-Kann Defense: Maróczy Variation, Maróczy Gambit",B12,5648,2.7352802946760854e-05,0.2413243626062323,0.06922804532577903,white,0.2413243626062323,0.6144697720515362,0.625,0.01053022794846381,10.506691550005185
Caro-Kann Defense: Masi Variation,B10,12288,5.9509780915332395e-05,0.10603841145833333,0.068115234375,white,0.10603841145833333,0.5265392781316348,0.5333935018050542,0.0068542236734193684,9.729369873790809
Caro-Kann Defense: Mieses Gambit,B12,5466,2.6471391803646392e-05,0.1163556531284303,0.08031467252103915,white,0.1163556531284303,0.43856332703213613,0.5079928952042628,0.0694295681721267,10.539445962690248
Caro-Kann Defense: Modern Variation,B12,26101,0.00012640501234302497,0.0743649668595073,0.04237385540783878,white,0.0743649668595073,0.5128613703619395,0.5405405405405406,0.02767917017860111,8.976019422425201
Caro-Kann Defense: Panov Attack,B14,84547,0.00040945421932361717,0.08184796621997233,0.05252699681833773,white,0.08184796621997233,0.49554147600610116,0.4998061264055836,0.004264650399482428,7.800685457444371
Caro-Kann Defense: Panov Attack #2,B13,114742,0.0005556861394683488,0.10342333234561016,0.062139408411915426,white,0.10342333234561016,0.4917253186227887,0.5122745151227451,0.020549196499956457,7.495306920461396
"Caro-Kann Defense: Panov Attack, Fianchetto Defense",B14,14469,7.007218587759965e-05,0.047342594512405835,0.06268574193102495,black,0.06268574193102495,0.4604718170358365,0.52,0.05952818296416351,9.56598462044118
"Caro-Kann Defense: Panov Attack, Gunderam Attack",B13,7926,3.8384970990797895e-05,0.06585919757759273,0.059677012364370424,white,0.06585919757759273,0.47655502392344495,0.4478021978021978,-0.028752826121247133,10.167844555427882
"Caro-Kann Defense: Panov Attack, Modern Defense",B13,29404,0.00014240117171504182,0.07781254251122297,0.061080125153040406,white,0.07781254251122297,0.48,0.45308924485125857,-0.026910755148741416,8.856862330684283
"Caro-Kann Defense: Panov Attack, Modern Defense, Carlsbad Line",B13,6342,3.071378829468083e-05,0.05345316934720908,0.05424156417533901,black,0.05424156417533901,0.4162800506115563,0.4788732394366197,0.06259318882506337,10.39079887407997
"Caro-Kann Defense: Panov Attack, Modern Defense, Mieses Line",B13,34598,0.00016755528972238527,0.08488929995953523,0.06361639401121452,white,0.08488929995953523,0.48068454763811047,0.483695652173913,0.0030111045358025557,8.69419717327134
Caro-Kann Defense: Rasa-Studier Gambit,B15,17961,8.698365682131227e-05,0.12493736428929347,0.06480708201102388,white,0.12493736428929347,0.5130486358244365,0.5371747211895911,0.024126085365154593,9.3497903095848
Caro-Kann Defense: Tartakower Variation,B15,79038,0.0003827745820301141,0.049001745995597056,0.05649181406412106,black,0.05649181406412106,0.4575144974226804,0.45633456334563344,-0.0011799340770469735,7.86806430072038
Caro-Kann Defense: Two Knights Attack,B10,230915,0.0011183024951223943,0.10137063421605352,0.06355152328778987,white,0.10137063421605352,0.4856682283008413,0.4819824202912653,-0.0036858080095759638,6.795943372758164
"Caro-Kann Defense: Two Knights Attack, Mindeno Variation",B11,40715,0.00019717942138409493,0.0782512587498465,0.07255311310327889,white,0.0782512587498465,0.4530669966413293,0.47728203029062627,0.024215033649296946,8.53139647527703
"Caro-Kann Defense: Two Knights Attack, Mindeno Variation, Exchange Line",B11,26715,0.0001293785642214441,0.06659180235822572,0.06337263709526483,white,0.06659180235822572,0.46203110704483075,0.5069565217391304,0.04492541469429967,8.95276784478639
"Caro-Kann Defense: Two Knights Attack, Mindeno Variation, Retreat Line",B11,14314,6.932153353044172e-05,0.07817521307810535,0.07272600251502026,white,0.07817521307810535,0.45691832725231546,0.45658536585365855,-0.00033296139865690577,9.576754970879719
Caro-Kann Defense: Ulysses Gambit,B12,16577,8.028105779894736e-05,0.10804126198950353,0.09663992278458104,white,0.10804126198950353,0.455,0.48580697485806973,0.030806974858069713,9.429976857753395
Caro-Kann Defense: von Hennig Gambit,B15,6743,3.2655798560553903e-05,0.12902269019724158,0.05635473824707104,white,0.12902269019724158,0.5233050847457628,0.48186528497409326,-0.041439799771669505,10.32948812044368
Carr Defense,B00,72835,0.000352733959388691,0.0979199560650786,0.05483627376947896,white,0.0979199560650786,0.5291607396870555,0.5134013634246517,-0.015759376262403757,7.949796441295214
Catalan Opening,E00,45370,0.00021972320639067634,0.06629931672911615,0.049041216662993166,white,0.06629931672911615,0.509628802679319,0.5347892331132554,0.025160430433936454,8.423141956520253
Catalan Opening: Closed Variation,E06,91010,0.0004407540007409181,0.06091638281507527,0.04227008021096583,white,0.06091638281507527,0.5008092892329346,0.5131933225632741,0.01238403333033955,7.727023659606861
"Catalan Opening: Closed Variation, Traditional Variation",E09,5793,2.8055026110231166e-05,0.04194717762817193,0.02140514413947868,white,0.04194717762817193,0.5259048970901349,0.0,-0.5259048970901349,10.481342758081638
"Catalan Opening: Closed, Main Line",E09,6677,3.233616594821569e-05,0.05915830462782687,0.014976785981728321,white,0.05915830462782687,0.5717410323709536,0.2727272727272727,-0.29901375964368093,10.339324265320393
Catalan Opening: Open Defense,E04,19797,9.587525494635705e-05,0.08642723644996717,0.04990655149770167,white,0.08642723644996717,0.4907170294494238,0.5894160583941606,0.09869902894473676,9.25246263912673
"Catalan Opening: Open Defense, Classical Line",E05,5696,2.758526302846137e-05,0.08655196629213484,0.03827247191011236,white,0.08655196629213484,0.5081602373887241,0.5060240963855421,-0.002136141003181935,10.49822887608645
"Catalan Opening: Open Defense, Tarrasch Defense",E04,10072,4.877787381015852e-05,0.09084590945194598,0.05599682287529786,white,0.09084590945194598,0.5270432692307693,0.5153664302600472,-0.011676838970722025,9.928233753454078
Center Game,C21,173707,0.0008412488210823278,0.11062306067113012,0.09071021893187954,white,0.11062306067113012,0.5527272727272727,0.48975489331687533,-0.0629723794103974,7.080623078394339
Center Game #2,C21,417534,0.0020220830781821613,0.16748576163857315,0.093154090445329,white,0.16748576163857315,0.548915112295394,0.5444051768849434,-0.004509935410450638,6.203627072095289
Center Game Accepted,C21,24069,0.00011656420221770308,0.10104283518218456,0.14873904192114337,black,0.14873904192114337,,0.5547445255474452,,9.057068344756496
Center Game: Berger Variation,C22,97478,0.00047207799675006275,0.10949137241223661,0.10577771394571082,white,0.10949137241223661,0.5211564235113919,0.4722050501688145,-0.04895137334257743,7.65836633867873
Center Game: Halasz-McDonnell Gambit,C21,21502,0.00010413243076509417,0.11901218491303135,0.07338852199795368,white,0.11901218491303135,0.49257425742574257,0.47963584091998085,-0.012938416505761718,9.169847096133088
Center Game: Hall Variation,C22,35571,0.0001722674492951895,0.1196199150993787,0.12220629164206798,black,0.12220629164206798,,0.5127626568890142,,8.66646235105208
Center Game: Kieseritzky Variation #2,C21,49979,0.00024204421715229475,0.1393385221793153,0.08483563096500531,white,0.1393385221793153,0.5039322444041138,0.5152013147082991,0.011269070304185336,8.326390132992682
Center Game: Kieseritzky Variation #3,C21,24380,0.00011807034983038768,0.1599261689909762,0.07424118129614438,white,0.1599261689909762,0.603030303030303,0.509170305676856,-0.09385999735344708,9.044229926142998
Center Game: Kieseritzky Variation #4,C21,35572,0.00017227229221355826,0.1916957157314742,0.057039244349488365,white,0.1916957157314742,0.6055743243243243,0.5856195086964318,-0.019954815627892586,8.66643423865873
"Center Game: Lanc-Arnold Gambit, Schippler Gambit",C21,8067,3.9067822480793166e-05,0.17825709681418123,0.09669021941242098,white,0.17825709681418123,,0.5420336269015212,,10.150211384241288
Center Game: Normal Variation,C22,479011,0.0023198111707384674,0.08413376728300603,0.1300178910296423,black,0.1300178910296423,0.4764119601328904,0.5379385540241305,0.0615265938912401,6.066269488539495
Center Game: Paulsen Attack Variation,C22,179967,0.0008715654900707702,0.10861435707657514,0.08741602627148311,white,0.10861435707657514,0.56278790306429,0.4792063984861253,-0.08358150457816477,7.045219549446857
Center Game: Ross Gambit,C21,8037,3.8922534929730344e-05,0.11310190369540873,0.06171457011322633,white,0.11310190369540873,,0.4795805739514349,,10.153937170965543
Center Game: von der Lasa Gambit,C21,43807,0.00021215372498030325,0.1458899262674915,0.08546579313808296,white,0.1458899262674915,0.4991119005328597,0.5059643321129089,0.006852431580049223,8.45819942823156
Clemenz Opening,A00,121968,0.0005906810676010141,0.06559917355371901,0.09257346189164371,black,0.09257346189164371,0.4770708283313325,0.4984282460136674,0.0213574176823349,7.434234334950207
Colle System,D05,213147,0.0010322535215462527,0.06216367108146021,0.05092260271080522,white,0.06216367108146021,0.4932097434791981,0.48549447715648775,-0.007715266322710357,6.8760109816793085
Colle System #2,D05,116614,0.000564752082654669,0.08595022896050217,0.048330389147100694,white,0.08595022896050217,0.5181629475869227,0.5130394997712369,-0.005123447815685855,7.479123714876756
Colle System: Traditional Colle,D05,37854,0.00018332383193107036,0.10553706345432451,0.041897817932054736,white,0.10553706345432451,0.5150510204081633,0.526071842410197,0.011020822002033692,8.604256395579398
Crab Opening,A00,13751,6.659497048882942e-05,0.07177659806559523,0.14682568540469784,black,0.14682568540469784,0.4977578475336323,0.5343603482920295,0.036602500758397216,9.616881501455318
Creepy Crawly Formation: Classical Defense,A00,19121,9.260144212907477e-05,0.054285863710057,0.07708801840907903,black,0.07708801840907903,0.5057851239669422,0.49038587311968607,-0.01539925084725613,9.287205842685303
Czech Defense,B07,86659,0.00041968246291843996,0.06527885159071764,0.058066675128953714,white,0.06527885159071764,0.49031158714703016,0.5144485144485145,0.024136927301484312,7.776012173300121
Danish Gambit,C21,455383,0.0022053826955213875,0.14504713614693565,0.07881717147983126,white,0.14504713614693565,0.5141126661178408,0.520585399196846,0.0064727330790051996,6.116854227083199
Danish Gambit Accepted,C21,95226,0.0004611717445836135,0.21497280154579632,0.07265872765841262,white,0.21497280154579632,0.5516162669447341,0.5826910372164722,0.031074770271738106,7.6817400364426485
"Danish Gambit Accepted, Chigorin Defense",C21,11813,5.720939469017103e-05,0.16481842038432234,0.07821891136883095,white,0.16481842038432234,0.463302752293578,0.5401941747572816,0.07689142246370362,9.768792430229741
"Danish Gambit Accepted, Classical Defense",C21,44424,0.00021514180561382865,0.20022960561858455,0.08803799747884027,white,0.20022960561858455,0.5156482861400894,0.5659457167090755,0.05029743056898606,8.44421318625682
"Danish Gambit Accepted, Copenhagen Defense",C21,54707,0.0002649415351997957,0.1931197104575283,0.08443160838649533,white,0.1931197104575283,0.5580645161290323,0.5698345517506733,0.011770035621641028,8.236001378206204
"Danish Gambit Accepted, Schlechter Defense",C21,15372,7.444534116459062e-05,0.13140775435857402,0.08528493364558938,white,0.13140775435857402,0.45981490501704825,0.5487571701720841,0.0889422651550359,9.505445377493528
"Danish Gambit Declined, Sorensen Defense",C21,49799,0.0002411724918459178,0.08783308901785176,0.10034338038916445,black,0.10034338038916445,0.4717307436477318,0.523609022556391,0.05187827890865915,8.329998146688414
Duras Gambit,B00,228680,0.0011074785725682138,0.12287038656638097,0.09374234738499213,white,0.12287038656638097,0.5097261325825442,0.5217937339875082,0.01206760140496399,6.805669403800354
Dutch Defense,A80,470865,0.002280360757706542,0.07820925318297177,0.0605332738683062,white,0.07820925318297177,0.4926308252282356,0.510076877228783,0.01744605200054744,6.083421621468096
Dutch Defense: Blackmar's Second Gambit,A80,5799,2.808408362044373e-05,0.1520951888256596,0.07880669080876013,white,0.1520951888256596,0.5332337565347274,0.5111731843575419,-0.02206057217718549,10.48030756130182
Dutch Defense: Classical Variation,A84,60399,0.000292507426554782,0.06134207519992053,0.05937184390470041,white,0.06134207519992053,0.4967133466704773,0.5092013578702876,0.012488011199810356,8.137020501683804
"Dutch Defense: Classical Variation, Stonewall Variation",A95,9479,4.590602321748338e-05,0.027007068256145163,0.02890600274290537,black,0.02890600274290537,0.38851634534786256,0.5185185185185185,0.13000217317065593,9.988914224725221
Dutch Defense: Fianchetto Attack,A81,19260,9.327460778233252e-05,0.06277258566978193,0.044444444444444446,white,0.06277258566978193,0.5067858325057928,0.5299952763344355,0.023209443828642762,9.279962643826146
Dutch Defense: Hopton Attack,A80,42497,0.00020580950191722663,0.13330352730780995,0.0553921453279055,white,0.13330352730780995,0.5333175243063789,0.54608999563128,0.012772471324901113,8.488559564992514
Dutch Defense: Korchnoi Attack,A80,5273,2.5536708558475562e-05,0.08116821543713257,0.06713445856248815,white,0.08116821543713257,0.48959608323133413,0.5032679738562091,0.013671890624875005,10.575393589647792
Dutch Defense: Krejcik Gambit,A80,5862,2.838918747767566e-05,0.12896622313203684,0.08307744796997611,white,0.12896622313203684,0.4795725958516656,0.51931330472103,0.03974070886936437,10.469502207907425
Dutch Defense: Leningrad Variation,A87,7727,3.742123023541451e-05,0.05086061861006859,0.0462016306457875,white,0.05086061861006859,0.4850959575336872,0.5041322314049587,0.019036273871271436,10.193272361244677
"Dutch Defense: Leningrad Variation, Matulovic Variation",A89,7311,3.5406576194010025e-05,0.033921488168513196,0.04677882642593353,black,0.04677882642593353,0.47110705596107055,0.5263157894736842,0.05520873351261363,10.248612986884945
"Dutch Defense: Leningrad Variation, Warsaw Variation",A88,10472,5.071504115766283e-05,0.043640183346065696,0.03752864782276547,white,0.043640183346065696,0.48012310848935624,0.5,0.019876891510643757,9.889288021588525
Dutch Defense: Normal Variation,A84,70960,0.00034365348744726454,0.06899661781285231,0.06964487034949267,black,0.06964487034949267,0.4406559083810515,0.4601092067344153,0.01945329835336379,7.9758767121948
Dutch Defense: Queen's Knight Variation,A85,223970,0.0010846684270513507,0.06089208376121802,0.06332544537214806,black,0.06332544537214806,0.45402184707050647,0.4568091168091168,0.0027872697386103207,6.8264809358817455
Dutch Defense: Raphael Variation,A80,81022,0.00039238293207373545,0.10709436943052504,0.06782108563106316,white,0.10709436943052504,0.5180263461982898,0.5126944119997541,-0.005331934198535726,7.8432723274633585
Dutch Defense: Rubinstein Variation,A84,100199,0.0004852555776314608,0.0610784538767852,0.06342378666453757,black,0.06342378666453757,0.4543704009352864,0.4569640062597809,0.0025936053244944857,7.630834841635082
Dutch Defense: Semi-Leningrad Variation,A81,7649,3.7043482602651165e-05,0.055955026800889006,0.044450254935285656,white,0.055955026800889006,0.48823729969314694,0.48951048951048953,0.0012731898173425904,10.203418129856395
Dutch Defense: Staunton Gambit,A83,23933,0.00011590556531955161,0.13897129486483098,0.05753562027326286,white,0.13897129486483098,0.532612548741581,0.5694444444444444,0.03683189570286338,9.062734790483647
Dutch Defense: Staunton Gambit Accepted,A82,15321,7.419835232778382e-05,0.1442464591084133,0.08693949481104367,white,0.1442464591084133,0.5376623376623376,0.45961438249088066,-0.07804795517145696,9.508768613862507
"Dutch Defense: Stonewall Variation, Modern Variation",A90,17116,8.289139079970941e-05,0.03458752044870297,0.03598971722365039,black,0.03598971722365039,0.4240073026015518,0.5,0.07599269739844822,9.397979351641554
East Indian Defense,A49,193160,0.0009354581121098312,0.05746531372955063,0.0556171049906813,white,0.05746531372955063,0.47958456053325066,0.4602997002997003,-0.01928486023355036,6.974474189190784
Elephant Gambit,C40,421739,0.0020424475499228,0.12439684259696163,0.11883890273368126,white,0.12439684259696163,0.4537263994700232,0.5198853299520371,0.06615893048201388,6.193606410912198
Elephant Gambit: Maróczy Gambit,C40,13382,6.480793361075669e-05,0.057764160813032435,0.1161261395904947,black,0.1161261395904947,0.44488977955911824,0.47173489278752434,0.026845113228406103,9.644082529835499
Elephant Gambit: Paulsen Countergambit,C40,143523,0.0006950701730396526,0.07698417675215818,0.14043045365551166,black,0.14043045365551166,0.49534176718642736,0.49189257664048647,-0.0034491905459408945,7.27149774909407
English Defense,A40,145981,0.0007069740663900666,0.06729642898733397,0.07201622128907187,black,0.07201622128907187,0.4598913642446666,0.4600253807106599,0.00013401646599331407,7.254516573942642
English Defense #2,A40,866349,0.004195657485857528,0.0764772626274169,0.06192423607576161,white,0.0764772626274169,0.5039747968437168,0.4982155489248084,-0.005759247918908417,5.473705220507841
English Opening,A10,358931,0.0017382735330176734,0.06659218624192394,0.052391685309989944,white,0.06659218624192394,0.5044281239874716,0.5225407602348288,0.01811263624735715,6.354862880737843
English Opening: Agincourt Defense,A13,463946,0.0022468526055130864,0.06351385721614153,0.05925474085346139,white,0.06351385721614153,0.48519688802740235,0.5064946908996156,0.02129780287221328,6.0982248840528115
English Opening: Agincourt Defense #2,A13,71092,0.000344292752671941,0.06566139650030946,0.053395600067518145,white,0.06566139650030946,0.49217191097467383,0.5168405365126677,0.02466862553799387,7.974018237298379
English Opening: Agincourt Defense #3,A13,55870,0.00027057384926266445,0.06942903168068731,0.04984786110613925,white,0.06942903168068731,0.5042041599055908,0.5228521478521478,0.018647987946557087,8.214965486725067
"English Opening: Agincourt Defense, Catalan Defense",A13,5152,2.495071543585551e-05,0.07162267080745342,0.045225155279503104,white,0.07162267080745342,0.49833333333333335,0.541095890410959,0.04276255707762561,10.598608061394073
"English Opening: Agincourt Defense, Catalan Defense Accepted",A13,11204,5.426005740359572e-05,0.07461620849696537,0.045430203498750446,white,0.07461620849696537,0.47137506688068487,0.47752808988764045,0.0061530230069555825,9.821722192798262
"English Opening: Agincourt Defense, Catalan Defense, Semi-Slav Defense",A13,27689,0.00013409556671261708,0.05200621185308245,0.028567301094297375,white,0.05200621185308245,0.5249065251477506,0.5213675213675214,-0.0035390037802291996,8.916957827786005
"English Opening: Agincourt Defense, Kurajica Defense",A13,6309,3.055397198851173e-05,0.06149944523696307,0.037723886511333016,white,0.06149944523696307,0.5322751322751322,0.4881889763779528,-0.04408615589717946,10.396015864807453
"English Opening: Agincourt Defense, Neo-Catalan Declined",A14,27098,0.00013123340195667947,0.046719315078603586,0.03395084508081777,white,0.046719315078603586,0.48558823529411765,0.6190476190476191,0.13345938375350141,8.938533125771885
"English Opening: Agincourt Defense, Wimpy System",A13,8575,4.152802501212364e-05,0.060408163265306125,0.0639067055393586,black,0.0639067055393586,0.4291688447464715,0.45454545454545453,0.02537660979898304,10.089142057144121
English Opening: Anglo-Dutch Defense,A10,105741,0.0005120950312311331,0.0648471264693922,0.05265696371322382,white,0.0648471264693922,0.5058619770849987,0.5193525049737746,0.013490527888775916,7.57700034227447
English Opening: Anglo-Grünfeld Defense,A16,44046,0.00021331118247043708,0.07732824774099804,0.07446760205239976,white,0.07732824774099804,0.49014084507042255,0.4796270718232044,-0.010513773247218139,8.452758507839425
English Opening: Anglo-Indian Defense,A15,302107,0.0014630795396312112,0.06067386720598993,0.05517581519130639,white,0.06067386720598993,0.4972662962219098,0.48767230353843966,-0.009593992683470165,6.527211790936559
"English Opening: Anglo-Indian Defense, Anglo-Grünfeld Variation #3",A16,15438,7.476497377692883e-05,0.0848555512372069,0.05402254178002332,white,0.0848555512372069,0.5222882615156018,0.5085945399393327,-0.013693721576269136,9.501161047668463
"English Opening: Anglo-Indian Defense, Anti-Anti-Grünfeld",A17,7998,3.873366111334867e-05,0.06739184796199049,0.04538634658664666,white,0.06739184796199049,0.48360655737704916,0.4954044117647059,0.011797854387656737,10.158801539771497
"English Opening: Anglo-Indian Defense, Flohr-Mikenas-Carls Variation, Nei Gambit",A19,5711,2.7657906803992782e-05,0.09788128173699877,0.045526177552092456,white,0.09788128173699877,0.5284507042253521,0.48559670781893005,-0.04285399640642207,10.495598910513399
"English Opening: Anglo-Indian Defense, Hedgehog System",A17,138863,0.0006725021734412274,0.05792039636188186,0.05107191980585181,white,0.05792039636188186,0.47724021329171545,0.5019751952227837,0.024734981931068212,7.304505214610637
"English Opening: Anglo-Indian Defense, King's Indian Formation",A15,71019,0.00034393921963102146,0.04763513989214154,0.043945986285360256,white,0.04763513989214154,0.49675269184754745,0.4789156626506024,-0.01783702919694502,7.975045603321007
"English Opening: Anglo-Indian Defense, King's Knight Variation",A15,73927,0.0003580224262473778,0.07035318625130196,0.048412623263489656,white,0.07035318625130196,0.5087856103139946,0.5299370813882687,0.021151471074274064,7.934914930376474
"English Opening: Anglo-Indian Defense, Nimzo-English",A17,8802,4.2627367481832335e-05,0.06884798909338787,0.04294478527607362,white,0.06884798909338787,0.4876150035385704,0.5237366003062787,0.036121596767708264,10.063014081807225
"English Opening: Anglo-Indian Defense, Old Indian Formation",A15,19893,9.634017510975809e-05,0.04137133665108329,0.04046649575227467,white,0.04137133665108329,0.5108673573024578,0.4957983193277311,-0.015069037974726696,9.247625139141284
"English Opening: Anglo-Indian Defense, Queen's Indian Formation",A13,18953,9.178783184312296e-05,0.06225927293832111,0.035878225083100304,white,0.06225927293832111,0.49695573473753496,0.5434782608695652,0.04652252613203023,9.296030819851962
"English Opening: Anglo-Indian Defense, Queen's Knight Variation",A16,291484,0.0014116332177998656,0.054212238064524985,0.04569719092643164,white,0.054212238064524985,0.5021308798343092,0.49739091318038686,-0.0047399666539222896,6.563007934419725
"English Opening: Anglo-Indian Defense, Scandinavian Defense",A15,24508,0.00011869024338158906,0.09315325607964746,0.07401664762526522,white,0.09315325607964746,0.501980198019802,0.5116547426725133,0.009674544652711337,9.038993455332717
"English Opening: Anglo-Indian Defense, Scandinavian Defense, Exchange Variation",A15,17639,8.54242371065713e-05,0.11871421282385623,0.04779182493338625,white,0.11871421282385623,0.5461907618476305,0.5614692653673163,0.015278503519685849,9.367880690566784
English Opening: Anglo-Lithuanian Variation,A10,69420,0.00033619539315937297,0.08151829443964276,0.07696629213483146,white,0.08151829443964276,0.5152474108170311,0.5122315283190978,-0.0030158824979332755,7.9978180397624845
English Opening: Anglo-Scandinavian Defense,A10,412104,0.0019957860314397903,0.09919583406130492,0.07548822627297963,white,0.09919583406130492,0.5285674078243737,0.5167892808603676,-0.011778126964006153,6.2167173055165135
"English Opening: Anglo-Scandinavian Defense, Loehn Gambit",A10,8694,4.210433229800617e-05,0.0840809753853232,0.0799401886358408,white,0.0840809753853232,0.5403225806451613,0.5385996409335727,-0.0017229397115885448,10.075359917629525
"English Opening: Anglo-Scandinavian Defense, Malvinas Variation",A10,55352,0.0002680652175476464,0.09562436768319121,0.07446885388061858,white,0.09562436768319121,0.49451327433628317,0.5260432846639743,0.03153001032769115,8.224280257999615
"English Opening: Anglo-Scandinavian Defense, Schulz Gambit",A10,36269,0.00017564780631658454,0.09035264275276407,0.08004080619813063,white,0.09035264275276407,0.5227337718044037,0.5070220693608484,-0.015711702443555353,8.647029668276714
English Opening: Carls-Bremen System,A22,110764,0.0005364210101974185,0.07738976562782131,0.06540933877433101,white,0.07738976562782131,0.5207329965934453,0.5359386900228484,0.015205693429403144,7.530591238424842
English Opening: Caro-Kann Defensive System,A11,250601,0.0012136401861298188,0.05704286894306088,0.054764346510987584,white,0.05704286894306088,0.48405992711567014,0.49776007964161273,0.013700152525942588,6.714131017319134
"English Opening: Four Knights System, Nimzowitsch Variation",A28,60248,0.00029177614588109913,0.08176205019253752,0.09007767892710132,black,0.09007767892710132,0.4008714596949891,0.48513589503280224,0.08426443533781314,8.139523673397074
English Opening: Great Snake Variation,A10,343142,0.0016618086948933096,0.056492647358819384,0.0508564967273024,white,0.056492647358819384,0.49949717159019486,0.4842561820537374,-0.015240989536457472,6.399848694533031
English Opening: Jaenisch Gambit,A10,23056,0.00011165832591014842,0.09628730048577377,0.0715648854961832,white,0.09628730048577377,0.5090543259557344,0.5192140999711066,0.010159774015372158,9.10006701093896
English Opening: King's English Variation,A20,810618,0.003925756802248121,0.08112082386524849,0.07882134371553555,white,0.08112082386524849,0.5007804739605506,0.4985076648680378,-0.002272809092512762,5.54019613047496
"English Opening: King's English Variation, Four Knights Variation #2",A28,20388,9.873741970229467e-05,0.08867961546007455,0.08161663723759074,white,0.08867961546007455,0.49112598196101254,0.5123252858958068,0.0211993039347943,9.223046557718328
"English Opening: King's English Variation, Four Knights Variation, Fianchetto Line",A29,44360,0.00021483185883822796,0.08004959422903517,0.06611812443642921,white,0.08004959422903517,0.5071733229934083,0.5182357930449534,0.011062470051545037,8.445654887713959
"English Opening: King's English Variation, Four Knights Variation, Flexible Line",A28,22532,0.00010912063668491777,0.06430853896680278,0.06590626664299663,black,0.06590626664299663,0.4151376146788991,0.45854347387532784,0.04340585919642875,9.123056529163657
"English Opening: King's English Variation, Four Knights Variation, Korchnoi Line",A28,5526,2.676196690577204e-05,0.07709011943539631,0.06514657980456026,white,0.07709011943539631,0.513095238095238,0.523728813559322,0.010633575464083944,10.5285288236949
"English Opening: King's English Variation, Four Knights Variation, Quiet Line #3",A28,37918,0.00018363377870667105,0.0906429664011815,0.07123265995041933,white,0.0906429664011815,0.5139041850220264,0.5117340286831812,-0.0021701563388452083,8.602567116816278
"English Opening: King's English Variation, Keres Defense",A21,8969,4.343613484941539e-05,0.044040584234585796,0.048165904783141936,black,0.048165904783141936,0.4393203883495146,0.4745484400656814,0.03522805171616683,10.044218863060259
"English Opening: King's English Variation, Kramnik-Shirov Counterattack",A21,84761,0.000410490603854532,0.07528226424888805,0.07457439152440391,white,0.07528226424888805,0.46153846153846156,0.502641911871637,0.04110345033317542,7.79815751884769
"English Opening: King's English Variation, Nimzowitsch Variation",A20,38844,0.00018811832111614353,0.09154566985892287,0.08274122129543816,white,0.09154566985892287,0.5249650023331778,0.5054057848918843,-0.01955921744129352,8.578439425464017
"English Opening: King's English Variation, Nimzowitsch-Flohr Variation",A20,10918,5.287498275013014e-05,0.07821945411247481,0.10688770837149661,black,0.10688770837149661,0.4447983014861996,0.4911886014248219,0.046390299938622315,9.847580246836559
"English Opening: King's English Variation, Reversed Closed Sicilian",A25,183058,0.0008865349507486099,0.07475226430967234,0.07412404811589769,white,0.07475226430967234,0.4843940008107013,0.5139972836553081,0.029603282844606782,7.02819000767883
"English Opening: King's English Variation, Reversed Sicilian",A21,505590,0.00244853109806176,0.07912735615815186,0.07177752724539646,white,0.07912735615815186,0.5209231653730853,0.5182959495027135,-0.002627215870371735,6.012266986040086
"English Opening: King's English Variation, Taimanov Variation",A25,9096,4.4051185482248005e-05,0.04936235708003518,0.03924802110817942,white,0.04936235708003518,0.49266962154790317,0.511177347242921,0.018507725695017796,10.03015829374789
"English Opening: King's English Variation, Three Knights System",A27,57766,0.0002797560224898349,0.08077415780909185,0.06500363535643805,white,0.08077415780909185,0.5004821600771456,0.5239369610466845,0.02345480096953889,8.181592682890168
"English Opening: King's English Variation, Troger Defense",A21,8268,4.0041249072914086e-05,0.07027092404450895,0.06132075471698113,white,0.07027092404450895,0.4711328976034858,0.5113924050632911,0.04025950745980528,10.125600408376602
"English Opening: King's English Variation, Two Knights Variation",A22,301291,0.0014591277182423024,0.07771888307317511,0.07572745286118736,white,0.07771888307317511,0.498220429469688,0.49077432125879583,-0.007446108210892144,6.529916475066906
"English Opening: King's English Variation, Two Knights Variation, Fianchetto Line",A24,7133,3.45445367243706e-05,0.06322725360998177,0.047105004906771344,white,0.06322725360998177,0.5208655332302936,0.49130434782608695,-0.029561185404206658,10.273261146900223
"English Opening: King's English Variation, Two Knights Variation, Keres Variation",A23,35020,0.00016959900127400232,0.056253569388920614,0.06610508280982295,black,0.06610508280982295,0.464173640167364,0.4682713347921225,0.004097694624758508,8.68207372333842
"English Opening: King's English Variation, Two Knights Variation, Reversed Dragon",A22,59202,0.00028671045326737537,0.08214249518597344,0.08281814803553934,black,0.08281814803553934,0.44098335623759355,0.4642418930762489,0.023258536838655364,8.15703772509304
"English Opening: King's English Variation, Two Knights Variation, Smyslov System",A22,47532,0.00023019359590393713,0.06835395102246908,0.07203568122527981,black,0.07203568122527981,0.481859410430839,0.46168958742632615,-0.020169823004512866,8.376589881768345
English Opening: Mikenas-Carls Variation,A18,17856,8.647515039259238e-05,0.10803091397849462,0.05510752688172043,white,0.10803091397849462,0.5185805665549802,0.5307017543859649,0.012121187830984703,9.355653463997225
English Opening: Mikenas-Carls Variation #2,A18,47362,0.0002293702997812478,0.09676533930154976,0.04949115324521768,white,0.09676533930154976,0.539244802715316,0.5121031122288588,-0.027141690486457204,8.380172830782294
English Opening: Mikenas-Carls Variation #3,A18,5052,2.4466423598979433e-05,0.0791765637371338,0.08452098178939034,black,0.08452098178939034,0.4688715953307393,0.4650974025974026,-0.0037741927333366787,10.61820884570788
"English Opening: Mikenas-Carls, Sicilian",A19,12803,6.200388387524419e-05,0.0734202921190346,0.057408419901585565,white,0.0734202921190346,0.4760806916426513,0.46599726152441806,-0.01008343011823326,9.688313531732083
English Opening: Neo-Catalan,A13,14355,6.952009318356092e-05,0.06095437129919889,0.040264716126785095,white,0.06095437129919889,0.5037505860290671,0.5904255319148937,0.08667494588582658,9.573894736623098
English Opening: Symmetrical Variation,A30,301884,0.0014619995688349777,0.07176266380464019,0.059092234103165456,white,0.07176266380464019,0.5034101981162715,0.5029084261259764,-0.0005017719902951079,6.52795021256911
"English Opening: Symmetrical Variation, Anti-Benoni Variation",A31,82391,0.000399012887320569,0.06438810064206042,0.06920658809821462,black,0.06920658809821462,0.44374919086868336,0.4805194805194805,0.03677028965079715,7.826516842546969
"English Opening: Symmetrical Variation, Anti-Benoni Variation, Spielmann Defense",A33,30166,0.0001460914755120375,0.07259828946496055,0.0761121792746801,black,0.0761121792746801,0.44825007478312895,0.4971830985915493,0.04893302380842035,8.831277587850064
"English Opening: Symmetrical Variation, Botvinnik System",A36,19472,9.43013064765098e-05,0.03969802793755135,0.031224322103533278,white,0.03969802793755135,0.47256401729298303,0.4957678355501814,0.02320381825719836,9.269015513950954
"English Opening: Symmetrical Variation, Botvinnik System Reversed",A37,11087,5.3693435954450703e-05,0.03986651032741048,0.036078289889059256,white,0.03986651032741048,0.4816337015155407,0.5225806451612903,0.040946943645749634,9.83221979940591
"English Opening: Symmetrical Variation, Duchamp Variation",A38,20899,0.00010121215098873143,0.046174458108043444,0.03478635341403895,white,0.046174458108043444,0.4882936089432609,0.5020408163265306,0.013747207383269733,9.19829173926001
"English Opening: Symmetrical Variation, Fianchetto Variation",A36,109305,0.0005293551922973964,0.06473628836741228,0.04848817528932803,white,0.06473628836741228,0.5095099045063531,0.5358490566037736,0.026339152097420437,7.543850910405769
"English Opening: Symmetrical Variation, Four Knights Variation",A35,40862,0.00019789133038430277,0.07238999559492927,0.053105574861729725,white,0.07238999559492927,0.5048812664907651,0.5117676514772158,0.0068863849864506665,8.527792514378504
"English Opening: Symmetrical Variation, Full Symmetry Line",A38,24104,0.00011673370436060971,0.06131762363093263,0.04912047792897444,white,0.06131762363093263,0.4948562384595094,0.5052051439069197,0.01034890544741035,9.055615248368124
"English Opening: Symmetrical Variation, Hedgehog Defense",A30,7077,3.427333329572e-05,0.0549667938391974,0.03122792143563657,white,0.0549667938391974,0.4833790789874962,0.48484848484848486,0.0014694058609886484,10.281142961102477
"English Opening: Symmetrical Variation, Mecking Variation",A39,18684,9.048508680192631e-05,0.0674909013059302,0.04383429672447013,white,0.0674909013059302,0.5087479081089304,0.5616438356164384,0.052895927507507934,9.310325507556263
"English Opening: Symmetrical Variation, Normal Variation",A34,181168,0.000877381835031652,0.06888081780446878,0.05326547734699285,white,0.06888081780446878,0.5026332420476091,0.524714180080769,0.022080938033159914,7.038568272624441
"English Opening: Symmetrical Variation, Symmetrical Variation",A36,38785,0.00018783258893238664,0.05796055175970091,0.04610029650638133,white,0.05796055175970091,0.5001174536058257,0.5012355848434926,0.0011181312376669084,8.57995947625329
"English Opening: Symmetrical Variation, Three Knights Variation",A34,7400,3.583759592882973e-05,0.07891891891891892,0.062027027027027025,white,0.07891891891891892,0.48672566371681414,0.5901639344262295,0.10343827070941536,10.236513049986002
"English Opening: Symmetrical Variation, Two Knights Line",A37,27283,0.00013212934185490022,0.049298097716526774,0.05032437781768867,black,0.05032437781768867,0.45022479126525367,0.4770916334661355,0.026866842200881813,8.931729252592708
"English Opening: Symmetrical Variation, Two Knights Variation",A35,122299,0.000592284073581074,0.06274785566521394,0.05246159003753097,white,0.06274785566521394,0.4962942114644901,0.5030379111222697,0.0067436996577796005,7.431524184151308
English Opening: The Whale,C20,308024,0.0014917350876191688,0.07092629145780849,0.08760680985897203,black,0.08760680985897203,0.4779031499764927,0.48703047066958965,0.009127320693096963,6.5078153481803955
English Orangutan,A15,6176,2.990986384546654e-05,0.05909974093264249,0.08743523316062177,black,0.08743523316062177,0.40700808625336926,0.516802906448683,0.10979482019531372,10.41732223747365
Englund Gambit,A40,688323,0.0033334921003405227,0.113715508562114,0.12255292936600985,black,0.12255292936600985,0.4573411639081687,0.4483024303636333,-0.009038733544535382,5.703734845688322
Englund Gambit Complex Declined,A40,184005,0.0008911211944438263,0.08745414526779163,0.09254096356077281,black,0.09254096356077281,0.5058930190389845,0.45681499649614576,-0.04907802254283877,7.0230301190433
Englund Gambit Complex: Englund Gambit,A40,267705,0.0012964734619091032,0.11765189294185764,0.1955846921051157,black,0.1955846921051157,0.4351409978308026,0.5446813111563621,0.10954031332555947,6.648107422220036
Englund Gambit Complex: Felbecker Gambit,A40,35528,0.00017205920380533279,0.11320648502589507,0.09029497860842153,white,0.11320648502589507,0.5321316614420063,0.5351636747624076,0.003032013320401261,8.667671932206323
Englund Gambit Complex: Hartlaub-Charlick Gambit,A40,149387,0.0007234690463540658,0.08289208565671712,0.1118370407063533,black,0.1118370407063533,0.465722164115242,0.43013459185457087,-0.03558757226067111,7.231452796008978
Englund Gambit Complex: Mosquito Gambit,A40,10399,5.0361508116743296e-05,0.22963746514087893,0.09366285219732666,white,0.22963746514087893,,0.5971363488447771,,9.896283402518028
Englund Gambit Complex: Soller Gambit,A40,105678,0.0005117899273739011,0.11781070799977289,0.11694960162001553,white,0.11781070799977289,0.5122605363984675,0.5271264431157523,0.014865906717284827,7.577596315217911
Englund Gambit Complex: Soller Gambit Deferred,A40,27544,0.00013339334354914677,0.12122422306128376,0.10760964275341273,white,0.12122422306128376,0.47969924812030074,0.5266422082459818,0.04694296012568111,8.922208324159902
Englund Gambit Complex: Stockholm Variation,A40,20687,0.00010018545229455414,0.11354957219509837,0.11176100932953062,white,0.11354957219509837,0.4779552715654952,0.4806378132118451,0.0026825416463499008,9.208487566535213
Englund Gambit Complex: Zilbermints Gambit,A40,14098,6.82754631627894e-05,0.08852319477940133,0.0780252518087672,white,0.08852319477940133,0.4834680382072006,0.5085653104925053,0.025097272285304728,9.591960106844441
"Englund Gambit Declined, Reversed Alekhine",A40,58536,0.0002834850696337807,0.1238383217165505,0.10361145278119448,white,0.1238383217165505,0.4676425269645609,0.5106336726930184,0.042991145728457525,8.168351100614396
"Englund Gambit Declined, Reversed Brooklyn",A40,5152,2.495071543585551e-05,0.0405667701863354,0.08074534161490683,black,0.08074534161490683,0.4990990990990991,0.5152777777777777,0.016178678678678615,10.598608061394073
"Englund Gambit Declined, Reversed French",A40,423846,0.0020526515789257792,0.09028043204371398,0.08765447827748758,white,0.09028043204371398,0.4908856959039245,0.48382043593071655,-0.007065259973207949,6.188622868487173
"Englund Gambit Declined, Reversed Krebs",A40,31149,0.00015085206426852937,0.06199235930527465,0.10520401939067064,black,0.10520401939067064,0.5083955223880597,0.5153295128939828,0.006933990505923027,8.799210908206698
"Englund Gambit Declined, Reversed Mokele Mbembe",A40,11633,5.633766938379409e-05,0.07392761970257028,0.11897189031204332,black,0.11897189031204332,0.4512987012987013,0.541095890410959,0.08979718911225765,9.784147163361496
Four Knights Game,C46,309766,0.00150017145141755,0.08228792055939,0.09358031546393084,black,0.09358031546393084,0.4420861912773392,0.4961708102281914,0.05408461895085215,6.502175876460795
Four Knights Game: Double Spanish,C49,89581,0.00043383347039195895,0.10743349594221989,0.09487502930308883,white,0.10743349594221989,0.4897607242940289,0.4990945406125166,0.009333816318487731,7.742849806273206
Four Knights Game: Gunsberg Variation,C46,70404,0.00034096082483423354,0.0905914436679734,0.08554911652747003,white,0.0905914436679734,0.5052347180006754,0.4912680875329674,-0.013966630467708019,7.983742970464402
Four Knights Game: Halloween Gambit,C46,86014,0.00041655878057058926,0.16540330643848675,0.10258795079870718,white,0.16540330643848675,0.5166043545194634,0.5320685077864473,0.015464153266983915,7.78348297649391
Four Knights Game: Italian Variation,C46,1182170,0.0057251528079979245,0.1142052327499429,0.10032313457455358,white,0.1142052327499429,0.4522214480947532,0.5034819894631261,0.05126054136837288,5.162886038544692
"Four Knights Game: Italian Variation, Noa Gambit",C47,35873,0.00017373001064255526,0.10155269980207955,0.1208429738243247,black,0.1208429738243247,0.5597736382928554,0.3878378378378378,-0.1719358004550176,8.6580081267993
Four Knights Game: Ranken Variation,C48,82826,0.0004011195568109799,0.1414169463694975,0.08411609880955255,white,0.1414169463694975,0.5392376681614349,0.5325089574412305,-0.006728710720204423,7.821251028433791
Four Knights Game: Scotch Variation,C47,153891,0.0007452815506869643,0.13061192662338927,0.08951140742473569,white,0.13061192662338927,0.4773728474169003,0.5239418854526768,0.046569038035776555,7.20174849059345
Four Knights Game: Scotch Variation Accepted,C47,364308,0.0017643139050865003,0.1252841002668072,0.08953687539115254,white,0.1252841002668072,0.4941627030699858,0.5079493105427246,0.013786607472738854,6.339993386499581
"Four Knights Game: Scotch Variation, Belgrade Gambit",C47,14319,6.934574812228552e-05,0.14833438089252043,0.09567707242125847,white,0.14833438089252043,0.523580034423408,0.5017605633802817,-0.021819471043126204,9.576405723504255
Four Knights Game: Spanish Variation,C48,235028,0.0011382214183731072,0.10149854485423014,0.07482938203107715,white,0.10149854485423014,0.5041907514450867,0.5085176378619589,0.004326886416872178,6.778288394213466
"Four Knights Game: Spanish Variation, Classical Variation",C48,180687,0.000875052391296278,0.10152916369190922,0.12647285084151047,black,0.12647285084151047,0.4312065315996371,0.4840523535914618,0.05284582199182469,7.041226797631967
"Four Knights Game: Spanish Variation, Rubinstein Variation",C48,23503,0.00011382311042098449,0.11338978002808152,0.09798749095860103,white,0.11338978002808152,0.47403873140611846,0.5201999729766248,0.04616124157050633,9.080864977619333
"Four Knights Game: Spanish Variation, Rubinstein Variation Accepted",C48,19878,9.626753133422668e-05,0.10096589194083912,0.11741623905825536,black,0.11741623905825536,0.43222222222222223,0.4760009365488176,0.04377871432659536,9.24837945765031
Franco-Benoni Defense,A43,191916,0.0009294335216590928,0.08833552179078347,0.05857771108193168,white,0.08833552179078347,0.5142764701124323,0.5147018411651553,0.00042537105272300035,6.980935273899391
French Defense,C00,62130,0.0003008905182511069,0.08947368421052632,0.12254949299855142,black,0.12254949299855142,0.5131578947368421,0.5215682850157177,0.008410390278875579,8.108764086120523
French Defense #2,C00,904779,0.004381770838769005,0.07726748741957981,0.09430258659849532,black,0.09430258659849532,0.5126542564317088,0.5084554782817508,-0.00419877814995806,5.430302335212631
French Defense: Advance Variation,C02,205906,0.000997185949638056,0.05278136625450448,0.07984711470282556,black,0.07984711470282556,0.49320136897604294,0.5244053699109879,0.03120400093494491,6.910573296227556
French Defense: Advance Variation #2,C02,288391,0.0013966540712852884,0.06938496693724838,0.06789046814914473,white,0.06938496693724838,0.48724366997208046,0.4765972886499324,-0.010646381322148069,6.573675851929689
French Defense: Advance Variation #3,C02,440417,0.002132903579214514,0.09476019318055388,0.060515375201229744,white,0.09476019318055388,0.4887884267631103,0.5198762233059476,0.03108779654283733,6.1502710448210385
French Defense: Advance Variation #4,C02,174907,0.0008470603231248408,0.06512603840898305,0.09485040621587472,black,0.09485040621587472,0.5102967898243489,0.5249694932424654,0.01467270341811655,7.0737386461022504
"French Defense: Advance Variation, Euwe Variation",C02,130158,0.0006303445690411649,0.05789886138385655,0.06497487668833264,black,0.06497487668833264,0.47226881945900606,0.5285197713752479,0.0562509519162418,7.369243953107145
"French Defense: Advance Variation, Extended Bishop Swap",C02,10484,5.077315617808796e-05,0.07535291873330789,0.07001144601297214,white,0.07535291873330789,0.44554455445544555,0.5186472819216182,0.07310272746617269,9.888142764734965
"French Defense: Advance Variation, Lputian Variation",C02,10917,5.287013983176138e-05,0.06237977466336906,0.06366217825409912,black,0.06366217825409912,0.4551926298157454,0.5492957746478874,0.094103144832142,9.847671842897991
"French Defense: Advance Variation, Main Line",C02,75523,0.00036575172396391994,0.060604054394025664,0.05244759874475326,white,0.060604054394025664,0.506263701847792,0.46147032772364927,-0.04479337412414275,7.913555804571608
"French Defense: Advance Variation, Milner-Barry Gambit",C02,111933,0.0005420823817704998,0.10865428425933371,0.06587869529093297,white,0.10865428425933371,0.4969543901351954,0.5061084867242222,0.009154096589026772,7.520092572188301
"French Defense: Advance Variation, Nimzowitsch Attack",C02,19178,9.287748847609413e-05,0.09192825112107623,0.07352174366461571,white,0.09192825112107623,0.5035227806481917,0.4967741935483871,-0.006748587099804582,9.284229261464635
"French Defense: Advance Variation, Nimzowitsch Gambit",C02,8800,4.2617681645094816e-05,0.09113636363636364,0.053636363636363635,white,0.09113636363636364,0.5238915195867413,0.6326530612244898,0.10876154163774854,10.063241328711964
"French Defense: Advance Variation, Nimzowitsch System",C02,404366,0.001958311529102319,0.07721964754702423,0.08744058600376886,black,0.08744058600376886,0.46213211249182473,0.5160383985015219,0.05390628600969716,6.23567264175742
"French Defense: Advance Variation, Paulsen Attack",C02,400020,0.0019372642058716849,0.066089195540223,0.07278386080695966,black,0.07278386080695966,0.467318663406683,0.5094316013388808,0.04211293793219778,6.246478504338101
"French Defense: Advance Variation, Wade Variation",C02,25387,0.00012294716862772977,0.056446212628510656,0.05073462795919171,white,0.056446212628510656,0.4611845888441633,0.4198966408268734,-0.04128794801728991,9.003755818215225
"French Defense: Advance, Steinitz Variation",C02,57175,0.00027689385773389726,0.07970266724967207,0.11114997813729777,black,0.11114997813729777,0.4628895184135977,0.5346943092870743,0.07180479087347658,8.19187631028728
French Defense: Alapin Gambit,C00,13661,6.615910783564094e-05,0.12422223848912964,0.09011053363589781,white,0.12422223848912964,0.5274151436031331,0.49007529089664614,-0.03733985270648699,9.623447992290775
French Defense: Alekhine-Chatard Attack,C13,11323,5.483636468947825e-05,0.0787777090876976,0.05245959551355648,white,0.0787777090876976,0.4851907630522088,0.6666666666666666,0.1814759036144578,9.811156994864222
"French Defense: Alekhine-Chatard Attack, Albin-Chatard Gambit",C13,9248,4.4787309074299645e-05,0.153871107266436,0.044874567474048443,white,0.153871107266436,0.5308871342313052,0.7380952380952381,0.20720810386393296,10.013585738266103
"French Defense: Alekhine-Chatard Attack, Breyer Variation",C13,5589,2.7067070763003967e-05,0.1173734120594024,0.06942207908391483,white,0.1173734120594024,0.5292376017764618,0.625,0.09576239822353816,10.517192669908564
"French Defense: Alekhine-Chatard Attack, Maróczy Variation",C13,7600,3.6806179602581884e-05,0.0675,0.0581578947368421,white,0.0675,0.4918200408997955,1.0,0.5081799591002045,10.20984480290384
French Defense: Bird Invitation,C00,24032,0.00011638501423805894,0.06770139813581891,0.08705059920106524,black,0.08705059920106524,0.4766949152542373,0.5345888261142498,0.057893910860012554,9.0586067746144
French Defense: Burn Variation,C11,40965,0.00019839015097628513,0.11824728426705725,0.06700842182350787,white,0.11824728426705725,0.5070533948582729,0.5278879813302217,0.0208345864719488,8.525275006602346
French Defense: Carlson Gambit,C01,18885,9.145851339404722e-05,0.12332539052157797,0.12581413820492454,black,0.12581413820492454,,0.5087965323814381,,9.299625094031704
French Defense: Chigorin Variation,C00,64947,0.000314533019295906,0.06528400080065284,0.05365913745053659,white,0.06528400080065284,0.5021671407287011,0.4804920913884007,-0.021675049340300345,8.064421497522721
French Defense: Classical Variation,C11,26674,0.0001291800045683249,0.08296468471170428,0.09308690110219689,black,0.09308690110219689,0.4938036224976168,0.5298410638987999,0.036037441401183146,8.954303741995922
"French Defense: Classical Variation, Burn Variation, Main Line",C11,10710,5.186765572942789e-05,0.11325863678804855,0.038188608776844074,white,0.11325863678804855,0.5591985428051002,0.549407114624506,-0.009791428180594197,9.866815165736467
"French Defense: Classical Variation, Burn Variation, Morozevich Line",C11,6837,3.311103288721741e-05,0.08571010677197602,0.051630832236360974,white,0.08571010677197602,0.5001680672268908,0.5384615384615384,0.03829347123464766,10.315644011264467
"French Defense: Classical Variation, Delayed Exchange Variation",C11,31923,0.0001546004830859502,0.08194718541490462,0.07530620555712182,white,0.08194718541490462,0.47407067462138597,0.4576107899807322,-0.016459884640653788,8.774666297068421
"French Defense: Classical Variation, Normal Variation",C13,16109,7.801457200236732e-05,0.08020361288720591,0.08864609845428022,black,0.08864609845428022,0.48606811145510836,0.5293276108726752,0.04325949941756685,9.458614928180296
"French Defense: Classical Variation, Richter Attack #2",C13,11654,5.6439370669538066e-05,0.07636862879697957,0.050626394371031405,white,0.07636862879697957,0.4864207539521686,0.4661016949152542,-0.02031905903691439,9.782343581475242
"French Defense: Classical Variation, Steinitz Variation",C11,177093,0.0008576469426789518,0.08415352385469782,0.06810545871378315,white,0.08415352385469782,0.49807858207199435,0.4919588001445609,-0.006119781927433454,7.061318031880197
"French Defense: Classical Variation, Svenonius Variation",C10,10742,5.202262911722824e-05,0.09411655185254143,0.09663005026996835,black,0.09663005026996835,0.4623115577889447,0.4843817787418655,0.02207022095292077,9.863831758712857
"French Defense: Classical Variation, Swiss Variation",C11,24081,0.0001166223172381282,0.11453012748640007,0.07856816577384661,white,0.11453012748640007,0.4909659485753996,0.4873138444567016,-0.0036521041186979852,9.056569902378575
"French Defense: Classical Variation, Tartakower Variation",C13,6301,3.051522864156164e-05,0.0917314711950484,0.0736391049039835,white,0.0917314711950484,0.45587044534412957,0.4993909866017052,0.04352054125757565,10.397284699236206
French Defense: Diemer-Duhm Gambit,C00,24855,0.00012037073605554905,0.09374371353852344,0.09068597867632266,white,0.09374371353852344,0.4939114939114939,0.4423130386433139,-0.05159845526818002,9.02493411064949
French Defense: Exchange Variation,C01,1174274,0.005686913124558189,0.07286970502625452,0.06603228888658014,white,0.07286970502625452,0.46789694585383496,0.4951848751536541,0.027287929299819158,5.169587686920069
"French Defense: Exchange Variation, Monte Carlo Variation",C01,226269,0.0010958022963811318,0.08597731019273519,0.0687765447321551,white,0.08597731019273519,0.4792394572194686,0.5026463262764632,0.023406869056994628,6.816268493241483
"French Defense: Exchange Variation, Svenonius Variation",C01,67079,0.000324858121258104,0.08885045990548458,0.07744599651157591,white,0.08885045990548458,0.465526179367548,0.4849445324881141,0.019418353120566112,8.032122020925282
French Defense: Franco-Hiva Gambit I,C01,26913,0.00013033746205845872,0.10860922230892134,0.07409058819158028,white,0.10860922230892134,0.5110294117647058,0.5249719765848798,0.013942564820173975,8.945383608950868
French Defense: Franco-Hiva Gambit II,C00,19012,9.207356402687985e-05,0.12691984010098886,0.09188933305280875,white,0.12691984010098886,0.5306748466257669,0.5301831581229002,-0.0004916885028667384,9.292922691444362
French Defense: Horwitz Attack,C00,54392,0.00026341601591363606,0.0719039564641859,0.0891491395793499,black,0.0891491395793499,0.4740973312401884,0.4884863930099208,0.014389061769732425,8.241775965971966
"French Defense: Horwitz Attack, Papa-Ticulat Gambit",C00,34948,0.00016925031115145155,0.10092136889092365,0.07837358360993477,white,0.10092136889092365,0.5094339622641509,0.49010367577756836,-0.019330286486582582,8.684131807760277
French Defense: King's Indian Attack,C00,450886,0.0021836040916170707,0.059400824155107945,0.06054301974334976,black,0.06054301974334976,0.4432269302438629,0.4879373368146214,0.04471040657075853,6.126778514264202
French Defense: Knight Variation,C00,2847320,0.013789338329739928,0.08099124791031566,0.07180295857156906,white,0.08099124791031566,0.46617775831873903,0.49369321852872533,0.027515460209986298,4.283859570217874
French Defense: La Bourdonnais Variation,C00,607466,0.0029419082497976327,0.0698952698587246,0.06831328831572467,white,0.0698952698587246,0.4687656171914043,0.4871694263517225,0.018403809160318196,5.828696843625826
"French Defense: La Bourdonnais Variation, Reuter Gambit",C00,13488,6.532128295784533e-05,0.10513048635824436,0.12930011862396204,black,0.12930011862396204,0.46987951807228917,0.5613018279090504,0.0914223098367612,9.636192648936625
"French Defense: MacCutcheon Variation, Chigorin Variation",C12,8855,4.288404215537666e-05,0.06380575945793338,0.07385657820440429,black,0.07385657820440429,0.4846519671422395,0.4028776978417266,-0.0817742693005129,10.057010778961327
"French Defense: MacCutcheon Variation, Lasker Variation",C12,7867,3.809923880704101e-05,0.04410830049574171,0.04728613194356172,black,0.04728613194356172,0.4748751101968851,0.6,0.12512488980311487,10.175316254849019
French Defense: Marshall Variation,C10,151895,0.0007356150856229178,0.14534382303564963,0.10047730340037526,white,0.14534382303564963,0.5352143482064742,0.49935455586136346,-0.03585979234511072,7.214803557528517
French Defense: Mediterranean Defense,C01,112704,0.0005458162718328144,0.09868327654741624,0.07225120670073822,white,0.09868327654741624,0.5231254379817799,0.5133951839883248,-0.009730253993455062,7.5132281373223835
French Defense: Normal Variation,C00,1145366,0.0055469140403540534,0.0845153426939511,0.06965721000972615,white,0.0845153426939511,0.5183409392871584,0.5099370010372791,-0.008403938249879284,5.194513534630149
French Defense: Paulsen Variation,C10,111801,0.0005414431165458233,0.10005277233656229,0.06763803543796568,white,0.10005277233656229,0.5021494557760907,0.5101108709295028,0.007961415153412088,7.5212725449713
French Defense: Pelikan Variation,C00,28978,0.0001403380884899497,0.07909448547173718,0.06774104493063704,white,0.07909448547173718,0.5049468669842433,0.46947141316073354,-0.03547545382350975,8.871456128797595
French Defense: Perseus Gambit,C01,41942,0.0002031216822225644,0.09110199799723427,0.12224023651709504,black,0.12224023651709504,0.5212264150943396,0.5215925655976676,0.0003661505033279999,8.501705338687197
French Defense: Queen's Knight,C00,442726,0.0021440858777279827,0.078610698264841,0.07199712689112453,white,0.078610698264841,0.4728991809080797,0.4814808523648964,0.008581671456816709,6.145041981665318
French Defense: Rubinstein Variation,C10,193815,0.0009386302236413695,0.11990300028377576,0.07227510770580192,white,0.11990300028377576,0.5140625992000508,0.4973759402880634,-0.016686658911987395,6.9710889543538315
"French Defense: Rubinstein Variation, Blackburne Defense",C10,92163,0.0004463378856200993,0.070310211256144,0.0554018423879431,white,0.070310211256144,0.4603678354299698,0.44991511035653653,-0.010452725073433256,7.714434301695018
"French Defense: Rubinstein Variation, Fort Knox Variation",C10,25554,0.00012375593599531283,0.060068873757533066,0.05290756828676528,white,0.060068873757533066,0.45875855444831315,0.42318840579710143,-0.03557014865121172,8.997199190026993
French Defense: Réti-Spielmann Attack,C00,57407,0.00027801741479544976,0.06018429808211542,0.06131656418206839,black,0.06131656418206839,0.47964796479647964,0.47030557849688415,-0.009342386299595495,8.187826803086537
French Defense: Schlechter Variation,C00,77982,0.00037766046023270274,0.08018517093688288,0.06393783180734015,white,0.08018517093688288,0.4884778653729533,0.4764391071661663,-0.012038758206787015,7.881515019368618
French Defense: Steiner Variation,C00,184894,0.0008954265488736546,0.08419418693954374,0.06966694430322239,white,0.08419418693954374,0.4975752341725902,0.4961139896373057,-0.0014612445352845116,7.018210362302516
French Defense: Steinitz Attack,C00,276980,0.0013413915297793592,0.08605314463138132,0.08332370568272078,white,0.08605314463138132,0.4583629893238434,0.48628235856127433,0.027919369237430935,6.614047748781553
French Defense: Steinitz Variation #2,C11,36996,0.00017916860797067362,0.0666017947886258,0.07779219375067575,black,0.07779219375067575,0.4718337994406712,0.5319767441860465,0.06014294474537524,8.62718325150411
"French Defense: Steinitz Variation, Boleslavsky Variation",C11,63775,0.0003088571189677184,0.06552724421795374,0.06173265386123089,white,0.06552724421795374,0.4892159720198193,0.4682080924855491,-0.02100787953427019,8.08263178616825
French Defense: Tarrasch Variation,C03,92213,0.00044658003153853727,0.10076670317634173,0.053029399325474715,white,0.10076670317634173,0.5077438570364855,0.5506015569709837,0.04285769993449817,7.713891931742034
"French Defense: Tarrasch Variation, Chistyakov Defense",C07,12511,6.0589751711566046e-05,0.08592438653984494,0.06122612101350811,white,0.08592438653984494,0.4616477272727273,0.55,0.08835227272727275,9.711384792860862
"French Defense: Tarrasch Variation, Closed Variation",C05,93926,0.0004548759507042245,0.06926729553052403,0.055213678853565575,white,0.06926729553052403,0.49728149363972096,0.4923547400611621,-0.004926753578558873,7.695485812000115
"French Defense: Tarrasch Variation, Closed Variation #2",C05,62342,0.0003019172169452842,0.0727759776715537,0.03777549645503834,white,0.0727759776715537,0.52466318394281,0.6363636363636364,0.11170045242082638,8.1053576942413
"French Defense: Tarrasch Variation, Closed Variation, Main Line",C06,29640,0.00014354410045006936,0.04692982456140351,0.04865047233468286,black,0.04865047233468286,0.45955912480537575,0.4444444444444444,-0.015114680360931332,8.84886824976824
"French Defense: Tarrasch Variation, Guimard Defense",C03,16622,8.049898912554159e-05,0.08639152929852004,0.07983395499939838,white,0.08639152929852004,0.44892663364000945,0.47675675675675677,0.02783012311674732,9.42726593106529
"French Defense: Tarrasch Variation, Guimard Defense, Main Line",C04,11118,5.384356642388229e-05,0.06637884511602807,0.0871559633027523,black,0.0871559633027523,0.4791021671826625,0.3852140077821012,-0.09388815940056133,9.829427633664848
"French Defense: Tarrasch Variation, Modern System",C03,8346,4.041899670567742e-05,0.05523604121734963,0.05020369039060628,white,0.05523604121734963,0.4567018072289157,0.42574257425742573,-0.030959232971489947,10.116210668026763
"French Defense: Tarrasch Variation, Morozevich Variation",C03,11375,5.508819644465381e-05,0.05978021978021978,0.05151648351648352,white,0.05978021978021978,0.4804024313561098,0.4782608695652174,-0.002141561790892421,9.80657508535911
"French Defense: Tarrasch Variation, Open System",C07,13665,6.617847950911598e-05,0.08298572996706916,0.08547383827296012,black,0.08547383827296012,0.4515983791085097,0.4936014625228519,0.042003083414342224,9.623155230816094
"French Defense: Tarrasch Variation, Open System, Euwe-Keres Line",C07,28036,0.00013577605938657706,0.09280924525609931,0.06816236267655872,white,0.09280924525609931,0.4751059322033898,0.5154061624649859,0.040300230261596126,8.904503651558047
"French Defense: Tarrasch Variation, Open System, Main Line",C09,11642,5.638125564911294e-05,0.0682872358701254,0.058323312145679436,white,0.0682872358701254,0.5079796264855687,0.5941422594142259,0.08616263292865722,9.783373801346581
"French Defense: Tarrasch Variation, Open System, Suechting Line",C07,45122,0.00021852216263522367,0.07444262222419219,0.07993883249855946,black,0.07993883249855946,0.48416940789473684,0.5022793203481144,0.018109912453377564,8.428623117747565
"French Defense: Tarrasch Variation, Pawn Center Variation",C05,30736,0.00014885193898223116,0.05394325871941697,0.052739458615304526,white,0.05394325871941697,0.5054918527459263,0.49056603773584906,-0.014925815010077281,8.812558444169923
"French Defense: Tarrasch, Open, 4.exd5 exd5",C08,23833,0.00011542127348267554,0.05798682499055931,0.06604288171862543,black,0.06604288171862543,0.46568521324962114,0.47678018575851394,0.011094972508892798,9.066921875276064
French Defense: Two Knights Variation,C00,262014,0.0012689124134724855,0.10400589281488776,0.07938507102673903,white,0.10400589281488776,0.5007191216192514,0.475421087248706,-0.02529803437054534,6.669595112748129
French Defense: Winawer Variation,C15,45543,0.00022056103126847195,0.1065147223503063,0.09281338515249325,white,0.1065147223503063,0.5052420598211532,0.4660827052352821,-0.03915935458587111,8.419336115577437
"French Defense: Winawer Variation, Advance Variation",C16,48394,0.0002343681915378089,0.09218084886556184,0.05833367772864405,white,0.09218084886556184,0.47366573033707865,0.5411165160991429,0.06745078576206426,8.358617211100224
"French Defense: Winawer Variation, Advance Variation #2",C18,23033,0.00011154693878766691,0.07272174705856814,0.05678808665827291,white,0.07272174705856814,0.49339910053677644,0.5048543689320388,0.011455268395262397,9.101065079975356
"French Defense: Winawer Variation, Advance Variation #3",C17,15008,7.26825188783617e-05,0.07009594882729211,0.0855543710021322,black,0.0855543710021322,0.4789473684210526,0.4788273615635179,-0.00012000685753471574,9.529409657932256
"French Defense: Winawer Variation, Alekhine-Maróczy Gambit",C15,10799,5.2298675464247604e-05,0.09834243911473285,0.05630150939901843,white,0.09834243911473285,0.5073329712112982,0.5137976346911958,0.006464663479897603,9.858539512945502
"French Defense: Winawer Variation, Bogoljubov Variation",C17,13118,6.352940316140383e-05,0.0825583168165879,0.0505412410428419,white,0.0825583168165879,0.5036216446527482,0.5344827586206896,0.030861113967941445,9.664007717324582
"French Defense: Winawer Variation, Classical Variation",C18,11349,5.4962280567066026e-05,0.05912415190765706,0.07295796986518636,black,0.07295796986518636,0.47701149425287354,0.7058823529411765,0.22887085868830298,9.808863415877124
"French Defense: Winawer Variation, Delayed Exchange Variation",C01,55430,0.00026844296518040975,0.07771964640086595,0.06314270250766733,white,0.07771964640086595,0.4721301890469694,0.4927536231884058,0.020623434141436414,8.222872086764411
"French Defense: Winawer Variation, Fingerslip Variation",C15,25732,0.00012461797546495224,0.11316648531011969,0.08981035286802425,white,0.11316648531011969,0.4816193578408562,0.5009877518767286,0.019368394035872427,8.99025769664737
"French Defense: Winawer Variation, Maróczy-Wallis Variation",C18,12137,5.877850024164952e-05,0.07868501277086595,0.07646041031556398,white,0.07868501277086595,0.508562532433835,0.4423076923076923,-0.06625484012614269,9.7417344120719
"French Defense: Winawer Variation, Poisoned Pawn Variation",C18,17503,8.476560020841984e-05,0.058275724161572305,0.10061132377306747,black,0.10061132377306747,0.5030534351145038,0.5,-0.003053435114503844,9.375620755387427
"French Defense: Winawer Variation, Positional Variation",C19,7431,3.598772639826132e-05,0.0641905530884134,0.034584847261472214,white,0.0641905530884134,0.4887518142235123,0.47368421052631576,-0.015067603697196563,10.232332611020793
"French Defense: Winawer Variation, Retreat Variation",C18,6722,3.2554097274809925e-05,0.0834573043736983,0.08925914906277893,black,0.08925914906277893,0.4705084745762712,0.5409836065573771,0.07047513198110589,10.33260732089321
"French Defense: Winawer Variation, Winckelmann-Riemer Gambit",C15,19401,9.395745927232778e-05,0.1037059945363641,0.08319158806247101,white,0.1037059945363641,0.5151748971193416,0.45044598612487613,-0.06472891099446548,9.27266843906356
French Defense: Wing Gambit,C00,50703,0.00024555049005127753,0.10165078989408911,0.04735419994872098,white,0.10165078989408911,0.5172940951652971,0.459412780656304,-0.05788131450899314,8.312007969751924
Gedult's Opening,A00,140174,0.0006788512394226728,0.04965257465721175,0.13734358725583917,black,0.13734358725583917,0.4949145206665224,0.5424977459151584,0.04758322524863601,7.295108542151553
Giuoco Piano,C50,788786,0.0038200262084213364,0.09050617024135824,0.10937567350333297,black,0.10937567350333297,0.4828350763090795,0.49962456507714925,0.016789488768069738,5.567497995543907
Global Opening,A00,10255,4.966412787164174e-05,0.06474890297415895,0.09156509019990249,black,0.09156509019990249,,0.4769446672012831,,9.910227658671781
Goldsmith Defense,B00,96022,0.00046502670760514706,0.12258649059590511,0.07634708712586699,white,0.12258649059590511,0.4908310573546625,0.5300701763211509,0.03923911896648846,7.673415718316291
Grob Opening,A00,328967,0.0015931603270161257,0.09376928384913988,0.10370341098043269,black,0.10370341098043269,0.4901652242328875,0.5011706096791781,0.01100538544629065,6.4420356084128985
Grob Opening: Grob Gambit,A00,48960,0.00023710928333452752,0.10277777777777777,0.09832516339869281,white,0.10277777777777777,0.4553388090349076,0.47476807013966765,0.019429261104760065,8.346989411992054
Grob Opening: Grob Gambit Declined,A00,25937,0.0001256107737305482,0.07857500867486603,0.08647877549446736,black,0.08647877549446736,0.5077760497667185,0.5179352580927384,0.010159208326019908,8.982322529499447
"Grob Opening: Grob Gambit, Fritz Gambit",A00,58148,0.00028160601730670154,0.16991126092040998,0.08547155534154227,white,0.16991126092040998,0.5394888326041907,0.5460331893612185,0.006544356757027803,8.175001565632046
Grob Opening: Keene Defense,A00,6811,3.2985117009629637e-05,0.04492732344736456,0.06695052121568051,black,0.06695052121568051,0.485513608428446,0.4740740740740741,-0.011439534354371894,10.319454097936942
Grob Opening: Spike Attack,A00,5721,2.770633598768039e-05,0.05418633106100332,0.06292606187729417,black,0.06292606187729417,0.4590017825311943,0.5401069518716578,0.08110516934046352,10.493849434909732
"Grob Opening: Spike, Hurst Attack",A00,39300,0.00019032669189229844,0.1315267175572519,0.0960559796437659,white,0.1315267175572519,0.5079365079365079,0.5251141552511416,0.01717764731463367,8.566768531320909
Grünfeld Defense,D80,43676,0.0002115193026739956,0.058773697225020606,0.08645480355343896,black,0.08645480355343896,0.4888510638297872,0.4972067039106145,0.008355640080827287,8.461194298044305
Grünfeld Defense: Brinckmann Attack,D82,11686,5.659434405733841e-05,0.07812767413999658,0.06982714359062125,white,0.07812767413999658,0.49452449567723344,0.5165945165945166,0.022070020917283162,9.77960150606388
"Grünfeld Defense: Brinckmann Attack, Grünfeld Gambit",D83,5852,2.8340758293988053e-05,0.07194121667805878,0.08783321941216678,black,0.08783321941216678,0.4516728624535316,0.4891304347826087,0.03745757232907709,10.471209567038247
Grünfeld Defense: Exchange Variation,D85,77605,0.0003758346800076799,0.060511564976483474,0.07048514915276077,black,0.07048514915276077,0.4385594397821375,0.4727177334732424,0.0341582936911049,7.886361192092977
"Grünfeld Defense: Exchange Variation, Classical Variation",D86,15815,7.659075400195165e-05,0.057793234271261464,0.069238065128043,black,0.069238065128043,0.46408240715641097,0.5766423357664233,0.11255992861001235,9.477034193438513
"Grünfeld Defense: Exchange Variation, Modern Exchange Variation",D85,61832,0.0002994473285772162,0.06331672920170785,0.06598525035580283,black,0.06598525035580283,0.42996702134279136,0.4620418848167539,0.032074863473962545,8.113572020391555
"Grünfeld Defense: Exchange Variation, Spassky Variation",D87,20975,0.00010158021278475725,0.043146603098927296,0.03899880810488677,white,0.043146603098927296,0.47843855693348364,0.5483870967741935,0.06994853984070987,9.194661797842855
Grünfeld Defense: Smyslov Defense,D94,5823,2.820031366129399e-05,0.03554868624420402,0.04585265327150953,black,0.04585265327150953,0.44057623049219685,0.44234800838574423,0.0017717778935473771,10.476177457341143
Grünfeld Defense: Stockholm Variation,D80,39223,0.00018995378717790386,0.0782958978150575,0.0812533462509242,black,0.0812533462509242,0.4443086592178771,0.4695091720376797,0.025200512819802623,8.568729740767331
Grünfeld Defense: Three Knights Variation,D90,34607,0.00016759887598770412,0.06235732655243159,0.07385789002224984,black,0.07385789002224984,0.46161137440758293,0.504247876061969,0.04263650165438604,8.69393707645606
Grünfeld Defense: Three Knights Variation #2,D90,6932,3.357111013224969e-05,0.1102135025966532,0.05380842469705713,white,0.1102135025966532,0.5544303797468354,0.5085020242914979,-0.045928355455337466,10.301844678342764
"Grünfeld Defense: Three Knights Variation, Burille Variation",D94,63566,0.0003078449490286474,0.05894660667652519,0.06758329924802567,black,0.06758329924802567,0.463984027031178,0.4785121517486663,0.014528124717488267,8.085914313989838
"Grünfeld Defense: Three Knights Variation, Burille Variation, Reversed Tarrasch",D94,5709,2.7648220967255263e-05,0.040287265720791735,0.05307409353652128,black,0.05307409353652128,0.4600703164239076,0.6,0.13992968357609237,10.495949173214003
"Grünfeld Defense: Three Knights Variation, Hungarian Attack",D92,15798,7.650842438968272e-05,0.0787441448284593,0.06652740853272567,white,0.0787441448284593,0.49451353328456477,0.5133531157270029,0.018839582442438163,9.478109700453897
"Grünfeld Defense: Three Knights Variation, Hungarian Variation",D93,29324,0.00014201373824554095,0.06445232574000818,0.07478515891419997,black,0.07478515891419997,0.4580384226491405,0.4474982381959126,-0.010540184453227908,8.859586756834785
"Grünfeld Defense: Three Knights Variation, Paris Variation",D94,16851,8.160801743198781e-05,0.04777164559966768,0.08041065812117976,black,0.08041065812117976,0.5241336633663366,0.5239018087855297,-0.00023185458080687837,9.413583047977719
"Grünfeld Defense: Three Knights Variation, Petrosian System",D91,50662,0.00024535193039815835,0.07307251983735344,0.07064466464016422,white,0.07307251983735344,0.48439775327647183,0.5095646437994723,0.025166890523000474,8.312816927523066
Guatemala Defense,B00,20259,9.811268323272453e-05,0.08722049459499481,0.04407917468779308,white,0.08722049459499481,0.5658198614318707,0.5313140514689136,-0.034505809962957046,9.22939391093531
Gunderam Defense,C40,82876,0.00040136170272941793,0.10479511559438197,0.07392972633814374,white,0.10479511559438197,0.46075353218210363,0.5379006000591987,0.07714706787709508,7.820647535397889
Hippopotamus Defense #2,B00,18815,9.111950910823397e-05,0.13425458410842414,0.08886526707414297,white,0.13425458410842414,0.509683995922528,0.5398502273335116,0.030166231410983624,9.303338626150724
Horwitz Defense,A40,2626992,0.012722307811387605,0.0792328259850049,0.06224000682149013,white,0.0792328259850049,0.5034292636063656,0.5069870130269472,0.003557749420581513,4.364398305814042
Hungarian Opening,A00,1637864,0.007932041651131996,0.07057118295536137,0.07111152085887473,black,0.07111152085887473,0.45216169159447045,0.4663058701542834,0.014144178559812925,4.83684481731316
Hungarian Opening: Catalan Formation,A00,163868,0.0007935993472520906,0.059901872238631096,0.043809651670857035,white,0.059901872238631096,0.5087924970691676,0.5075345446632575,-0.00125795240591009,7.138931824508957
Hungarian Opening: Dutch Defense,A00,24542,0.00011885490260612692,0.06906527585363866,0.053296389862276916,white,0.06906527585363866,0.5101838052657724,0.5301109350237718,0.019927129757999373,9.03760711464177
Hungarian Opening: Indian Defense,A00,153873,0.0007451943781563267,0.05402507262482697,0.05061966686813151,white,0.05402507262482697,0.48331595411887385,0.4876401158043204,0.004324161685446526,7.201865463338933
Hungarian Opening: Reversed Alekhine,A00,27975,0.00013548064136608266,0.08318141197497766,0.10884718498659518,black,0.10884718498659518,0.45478723404255317,0.4830564297738418,0.02826919573128861,8.906681795998136
Hungarian Opening: Reversed Modern Defense,A00,54231,0.0002626363060562656,0.06321107853441758,0.05413877671442533,white,0.06321107853441758,0.5105363984674329,0.4946636882601142,-0.01587271020731873,8.244740349535297
Hungarian Opening: Sicilian Invitation,A00,132324,0.0006408343302279008,0.0631555877996433,0.050444363834225084,white,0.0631555877996433,0.47889934416880525,0.48870247163565067,0.009803127466845418,7.352739589631583
Hungarian Opening: Slav Formation,A00,172446,0.0008351419010193205,0.05129141876297508,0.04256404903564014,white,0.05129141876297508,0.5026224371636809,0.5046048008284942,0.0019823636648133025,7.087908906211309
Hungarian Opening: Symmetrical Variation,A00,142326,0.000689273199752246,0.0538903643747453,0.047103129435240226,white,0.0538903643747453,0.4771568812535397,0.48100423684302673,0.0038473555894870115,7.27987284921117
Indian Game,A45,2308239,0.01117861305259,0.08083001803539408,0.06407178806007524,white,0.08083001803539408,0.48726781277587167,0.4920467602011237,0.004778947425252034,4.4937528750697435
"Indian Game: Anti-Grünfeld, Advance Variation",E60,13388,6.483699112096925e-05,0.06311622348371676,0.077830893337317,black,0.077830893337317,0.5098814229249012,0.5157353885677585,0.005853965642857228,9.643634266847045
"Indian Game: Anti-Grünfeld, Alekhine Variation",D70,6132,2.969677543724107e-05,0.052348336594911934,0.06800391389432485,black,0.06800391389432485,0.4724358974358974,0.4952893674293405,0.022853469993443065,10.424472089186557
Indian Game: Anti-Nimzo-Indian,E10,115504,0.0005593764432653445,0.07226589555340075,0.052483030890705086,white,0.07226589555340075,0.5022199343671578,0.5108910891089109,0.008671154741753062,7.48868788879932
Indian Game: Budapest Defense,A51,237295,0.001149200314315088,0.06879200994542659,0.10473461303440865,black,0.10473461303440865,0.47928717499269646,0.49237881631345265,0.013091641320756187,6.768688957351443
"Indian Game: Colle System, King's Indian Variation",A48,28689,0.00013893848508137786,0.03513541775593433,0.05775732859284046,black,0.05775732859284046,0.48614609571788414,0.5069222577209798,0.020776162003095622,8.88147927616061
Indian Game: Czech-Indian,A46,23529,0.00011394902629857226,0.06494113646988822,0.04862085086489014,white,0.06494113646988822,0.5081818181818182,0.5180120080053369,0.009830189823518687,9.079759347297486
Indian Game: East Indian Defense,E00,167170,0.0008095906637057387,0.0693904408685769,0.06412633845785727,white,0.0693904408685769,0.4760595647193585,0.4830634325719539,0.00700386785259538,7.118981791481585
"Indian Game: King's Indian Variation, Fianchetto Variation",A49,24399,0.00011816236527939413,0.05209229886470757,0.05135456371162753,white,0.05209229886470757,0.49192897497982246,0.5,0.008071025020177536,9.043450902343377
Indian Game: London System,A46,240895,0.0011666348204426268,0.0818655430789348,0.047128416945142075,white,0.0818655430789348,0.496751965915367,0.5238115236015455,0.02705955768617846,6.753631896290905
Indian Game: Maddigan Gambit,A45,14720,7.12877583881586e-05,0.15740489130434782,0.10237771739130434,white,0.15740489130434782,0.5886214442013129,0.5385283264597351,-0.050093117741577764,9.548785936895394
Indian Game: Normal Variation,A50,18292,8.858666280137209e-05,0.1174283839930024,0.06582112398862891,white,0.1174283839930024,0.5627157652474108,0.5638238050609184,0.0011080398135075997,9.331529244400317
Indian Game: Omega Gambit,A45,46706,0.00022619334533134072,0.09178692245107695,0.11615210037254314,black,0.11615210037254314,0.5216148624508753,0.5192294461644307,-0.0023854162864446193,8.39412041411669
"Indian Game: Paleface Attack, Blackmar-Diemer Gambit Deferred",A45,9020,4.368312368622219e-05,0.09301552106430155,0.12882483370288247,black,0.12882483370288247,,0.5102785782901057,,10.038548716121593
Indian Game: Pawn Push Variation,A45,67795,0.0003283256508101367,0.09126041743491407,0.09005088870860684,white,0.09126041743491407,0.46629213483146065,0.46688701187415843,0.0005948770426977834,8.021504604281851
Indian Game: Przepiorka Variation,A49,82244,0.0003983009783203611,0.04965711784446282,0.03837361996011867,white,0.04965711784446282,0.4868156015381798,0.48352418789436785,-0.003291413643811969,7.82830261153977
Indian Game: Pseudo-Benko,A46,7208,3.490775560202766e-05,0.06839622641509434,0.05244173140954495,white,0.06839622641509434,0.4741725951128982,0.5833333333333334,0.10916073822043515,10.262801529890089
Indian Game: Pyrenees Gambit,A50,5413,2.6214717130102073e-05,0.07906890818400147,0.06853870312211344,white,0.07906890818400147,0.4989648033126294,0.5723270440251572,0.07336224071252784,10.549189582381285
Indian Game: Reversed Chigorin Defense,A45,33450,0.00016199561943504792,0.09351270553064275,0.08062780269058296,white,0.09351270553064275,0.4937010078387458,0.4746734628862695,-0.019027544952476327,8.727941263621886
Indian Game: Seirawan Attack,E00,44750,0.00021672059700204467,0.08458100558659218,0.07394413407821229,white,0.08458100558659218,0.4606971975393028,0.5053995680345572,0.044702370495254384,8.43690160547526
Indian Game: Spielmann-Indian,A46,119736,0.0005798716738019401,0.058812721320237855,0.05993185007015434,black,0.05993185007015434,0.45103787967632225,0.49401408450704226,0.04297620483072001,7.4527037309692785
Indian Game: Tartakower Attack,A45,96431,0.00046700746121797025,0.06007404257966836,0.04991133556636351,white,0.06007404257966836,0.4835860689885019,0.4949155134184571,0.011329444429955149,7.669165323510865
Indian Game: Wade-Tartakower Defense,A46,185698,0.0008993202552421383,0.05512175683098364,0.04685564734138224,white,0.05512175683098364,0.4991104785625334,0.49236623291210596,-0.006744245650427416,7.013871351954697
Indian Game: West Indian Defense,E61,115134,0.000557584563468903,0.058679451769242795,0.08225198464398006,black,0.08225198464398006,0.49181141439205955,0.5140311265220546,0.022219712129995073,7.491896382780465
Irish Gambit,C44,6172,2.98904921719915e-05,0.0780946208684381,0.32226182760855476,black,0.32226182760855476,,0.6633944717127357,,10.41797011569521
Italian Game,C50,1151560,0.005576911076730157,0.1353919899961791,0.0866459411580812,white,0.1353919899961791,0.5084673280875812,0.5403573920794077,0.03189006399182648,5.18912022634409
Italian Game: Anti-Fried Liver Defense,C55,1332190,0.006451687421679416,0.11643984716894737,0.07989400911281423,white,0.11643984716894737,0.553770086526576,0.5083985670199721,-0.0453715195066039,5.043413566625642
Italian Game: Bird's Attack,C53,14742,7.139430259227134e-05,0.08275674942341608,0.09625559625559625,black,0.09625559625559625,0.48845470692717585,0.5043478260869565,0.015893119159780644,9.547292487429027
Italian Game: Classical Variation,C53,32792,0.0001588089791484033,0.1084410831910222,0.12378019029031471,black,0.12378019029031471,0.49264705882352944,0.5152263374485597,0.022579278625030286,8.747808466994089
Italian Game: Classical Variation #2,C53,240897,0.0011666445062793642,0.10933303445040826,0.07122961265603142,white,0.10933303445040826,0.5148595467498982,0.5380098819045931,0.02315033515469489,6.753623593952967
"Italian Game: Classical Variation, Albin Gambit",C53,136161,0.0006594166080088358,0.12343475738280418,0.07544744824142008,white,0.12343475738280418,0.4888597640891219,0.5113910479764139,0.022531283887291975,7.324155041097208
"Italian Game: Classical Variation, Center Attack",C53,35883,0.00017377843982624287,0.19045230331912047,0.07786416966251428,white,0.19045230331912047,0.5749063670411985,0.5681971186212468,-0.0067092484199516855,8.657729404460687
"Italian Game: Classical Variation, Closed Variation",C53,7111,3.4437992520257864e-05,0.05287582618478414,0.06581352833638025,black,0.06581352833638025,0.49936224489795916,0.41724137931034483,-0.08212086558761433,10.276350169294744
"Italian Game: Classical Variation, Giuoco Pianissimo",C53,250672,0.001213984033334001,0.07412475266483692,0.0671913895449033,white,0.07412475266483692,0.4948681251277857,0.5065398974028416,0.011671772275055836,6.7138477385449935
"Italian Game: Classical Variation, Greco Gambit",C53,13833,6.69920897950678e-05,0.061085809296609554,0.1080748933709246,black,0.1080748933709246,0.4903626265926168,0.5089285714285714,0.018565944835954584,9.610936008303446
"Italian Game: Classical Variation, Greco Gambit, Anderssen Variation",C54,5378,2.6045214987195444e-05,0.033097805875790254,0.03849014503532912,black,0.03849014503532912,0.4107542942494399,0.4666666666666667,0.0559123724172268,10.555676492349452
"Italian Game: Classical Variation, Greco Gambit, Greco Variation",C54,11582,5.609068054698729e-05,0.22250043170436884,0.07062683474356761,white,0.22250043170436884,0.5794392523364486,0.5448666127728375,-0.03457263956361101,9.788540881392526
"Italian Game: Classical Variation, Greco Gambit, Main Line",C54,9711,4.702958027903588e-05,0.06940582844197302,0.08866234167438987,black,0.08866234167438987,0.5140997830802603,0.4984709480122324,-0.01562883506802787,9.964733786583908
"Italian Game: Classical Variation, Greco Gambit, Moeller-Therkatz Attack",C54,10330,5.00273467492988e-05,0.1308809293320426,0.0590513068731849,white,0.1308809293320426,0.4938001458789205,0.43478260869565216,-0.059017537183268354,9.902940767064578
"Italian Game: Classical Variation, Greco Gambit, Traditional Line",C54,109699,0.0005312633021346882,0.12678328881758266,0.08295426576358945,white,0.12678328881758266,0.484619140625,0.5262180016515277,0.041598861026527656,7.540252798726772
"Italian Game: Classical Variation, La Bourdonnais Variation",C53,53492,0.0002590573893817513,0.08343303671577058,0.09199506468256935,black,0.09199506468256935,0.46609328481640755,0.4840773593136542,0.01798407449724665,8.258460940185575
Italian Game: Deutz Gambit,C55,25542,0.0001236978209748877,0.16831101714822644,0.07654059979641376,white,0.16831101714822644,0.5147440434064637,0.562955254942768,0.048211211536304255,8.997668894122054
Italian Game: Evans Gambit,C51,18108,8.76955658215201e-05,0.1895294897282969,0.10117075325822841,white,0.1895294897282969,0.5698729582577132,0.5574970484061393,-0.012375909851573885,9.341639220622413
Italian Game: Evans Gambit Declined,C51,31268,0.00015142837155441189,0.10224510681847256,0.13403479595752846,black,0.13403479595752846,0.5439642324888226,0.5271356783919598,-0.01682855409686279,8.79539783983804
"Italian Game: Evans Gambit Declined, 5.a4",C51,5586,2.7052542007897685e-05,0.10329394915861081,0.11457214464733262,black,0.11457214464733262,0.49295774647887325,0.47627416520210897,-0.01668358127676428,10.51772958267314
"Italian Game: Evans Gambit, Anderssen Defense",C52,9435,4.5692934809257904e-05,0.12835188129305777,0.1293057763645999,black,0.1293057763645999,0.547901821060966,0.5170278637770898,-0.030873957283876208,9.993566871375611
"Italian Game: Evans Gambit, Anderssen Variation",C51,26640,0.00012901534534378703,0.10653153153153153,0.07894144144144144,white,0.10653153153153153,0.47871925029285434,0.5,0.021280749707145663,8.955579204523936
"Italian Game: Evans Gambit, Compromised Defense",C52,6825,3.3052917866792284e-05,0.19663003663003664,0.0838095238095238,white,0.19663003663003664,0.5604113110539846,0.5781637717121588,0.017752460658174263,10.317400709125101
"Italian Game: Evans Gambit, Harding Variation",C51,16135,7.81404878799551e-05,0.11013325069724202,0.07914471645491168,white,0.11013325069724202,,0.5170068027210885,,9.4570022246922
"Italian Game: Evans Gambit, Main Line",C52,11212,5.42988007505458e-05,0.16196931858722796,0.10622547270781306,white,0.16196931858722796,0.4783132530120482,0.516017316017316,0.03770406300526785,9.821008416893584
"Italian Game: Evans Gambit, McDonnell Defense",C51,56884,0.0002754845684885879,0.17878489557696364,0.09846353983545461,white,0.17878489557696364,0.5674709562109026,0.5469057665260197,-0.020565189684882856,8.196978943685675
"Italian Game: Evans Gambit, McDonnell Defense, Main Line",C51,7215,3.494165603060899e-05,0.10173250173250173,0.09438669438669439,white,0.10173250173250173,0.4463276836158192,0.5265225933202358,0.08019490970441656,10.26183085797029
"Italian Game: Evans Gambit, Mieses Defense",C52,5896,2.8553846702213525e-05,0.20234056987788332,0.07496607869742199,white,0.20234056987788332,0.514344262295082,0.5,-0.014344262295082011,10.46371889530909
"Italian Game: Evans Gambit, Pierce Defense",C52,14501,7.022715926539998e-05,0.18081511619888282,0.09137300875801668,white,0.18081511619888282,0.5349143610013175,0.538038496791934,0.0031241357906165446,9.563775437630367
"Italian Game: Evans Gambit, Slow Variation",C52,5258,2.546406478294415e-05,0.12514263978699125,0.1203879802206162,white,0.12514263978699125,0.4642857142857143,0.4387755102040816,-0.02551020408163268,10.578242323888436
"Italian Game: Evans Gambit, Stone-Ware Variation",C51,7416,3.5915082622729904e-05,0.1098975188781014,0.07470334412081985,white,0.1098975188781014,0.46877296105804556,0.5079006772009029,0.03912771614285737,10.23435322193257
Italian Game: Giuoco Pianissimo,C50,315869,0.001529727782222097,0.09691042805720093,0.09660017285646898,white,0.09691042805720093,0.47630057803468207,0.49192541581088156,0.015624837776199496,6.482665479523731
"Italian Game: Giuoco Pianissimo, Canal Variation",C50,61202,0.00029639629000489693,0.12212019215058331,0.0761903205777589,white,0.12212019215058331,0.4817397078353254,0.5397555943501031,0.05801588651477774,8.123813181473253
"Italian Game: Giuoco Pianissimo, Italian Four Knights Variation",C50,373087,0.001806829885445851,0.10598600326465409,0.078528600567696,white,0.10598600326465409,0.47454813721873845,0.5072618043844856,0.032713667165747196,6.316181413781626
"Italian Game: Giuoco Pianissimo, Normal",C50,502205,0.0024321378193835046,0.10112006053304926,0.09239852251570574,white,0.10112006053304926,0.48002122578933404,0.4942051894012758,0.014183963611941741,6.018984647329451
"Italian Game: Giuoco Piano, Greco's Attack",C54,42634,0.00020647298173374687,0.12933339588122156,0.0860111647980485,white,0.12933339588122156,0.5157190635451505,0.5023682200152788,-0.013350843529871703,8.485340993185122
Italian Game: Hungarian Defense,C50,276089,0.0013370764895127936,0.05908239734288581,0.06700013401475612,black,0.06700013401475612,0.4517693749310991,0.5025407685409679,0.050771393609868765,6.617269772691126
Italian Game: Jerome Gambit,C51,16260,7.874585267605019e-05,0.130319803198032,0.13216482164821647,black,0.13216482164821647,,0.492415915585843,,9.44928494607646
Italian Game: Rosentreter Gambit,C50,22362,0.00010829734056222844,0.16299973168768447,0.1089795188265808,white,0.16299973168768447,0.44953271028037384,0.538990375171872,0.08945766489149815,9.130629960470948
Italian Game: Rousseau Gambit,C50,68155,0.0003300691014228906,0.12299904629154133,0.1339446849093977,black,0.1339446849093977,0.514763779527559,0.4698510455456889,-0.04491273398187012,8.016208527173319
Italian Game: Schilling-Kostic Gambit,C50,452994,0.002193812963538418,0.12055568064919182,0.17760720892550452,black,0.17760720892550452,0.46128542510121456,0.5103706265933868,0.04908520149217227,6.122114169833919
Italian Game: Scotch Gambit,C55,10159,4.9199207708240704e-05,0.19214489615119598,0.09617088296092136,white,0.19214489615119598,0.5797101449275363,0.5322349570200573,-0.047475187907478955,9.919633038086717
Italian Game: Scotch Gambit Declined,C55,34415,0.00016666903566090206,0.13491210228098213,0.08240592764782798,white,0.13491210228098213,0.5651465798045603,0.5234008215962441,-0.041745758208316164,8.699500534345797
Italian Game: Scotch Gambit Declined #2,C55,6656,3.223446466247172e-05,0.1326622596153846,0.1104266826923077,white,0.1326622596153846,0.5880149812734082,0.4825291181364393,-0.10548586313696895,10.342474346677218
"Italian Game: Scotch Gambit, Anderssen Attack",C56,22247,0.00010774040494982094,0.1096327594731874,0.07960623904346653,white,0.1096327594731874,0.43970413419627524,0.6950354609929078,0.25533132679663256,9.135785882135128
"Italian Game: Scotch Gambit, Double Gambit Accepted",C56,10482,5.0763470341350436e-05,0.15989315016218278,0.1546460599122305,white,0.15989315016218278,0.3861788617886179,0.5372093023255814,0.15103044053696352,9.888333549816151
"Italian Game: Scotch Gambit, Janowski Defense",C55,27440,0.00013288968003879564,0.09077988338192419,0.07401603498542274,white,0.09077988338192419,0.4792641097599002,0.4938985228002569,0.01463441304035673,8.925991247338441
"Italian Game: Scotch Gambit, Max Lange Attack",C55,8712,4.2191504828643864e-05,0.141643709825528,0.12660697887970615,white,0.141643709825528,0.43703703703703706,0.48544973544973546,0.04841269841269841,10.073291664565465
"Italian Game: Scotch Gambit, Max Lange Attack, Spielmann Defense",C56,26089,0.00012634689732259985,0.215033155736134,0.10034880601019587,white,0.215033155736134,0.5238726790450928,0.5685071574642127,0.04463447841911983,8.97647928064369
"Italian Game: Scotch Gambit, Walbrodt-Baird Gambit",C55,12564,6.084642638511037e-05,0.16706462909901304,0.08261700095510983,white,0.16706462909901304,0.5152158527954707,0.5126984126984127,-0.00251744009705801,9.707157468519725
"Italian Game: Scotch Gambit, de Riviere Defense",C55,27686,0.0001340810379575108,0.1161236726143177,0.08838402080473885,white,0.1161236726143177,0.5,0.49724264705882354,-0.002757352941176461,8.91706617993058
Italian Game: Two Knights Defense,C55,313867,0.0015200322596478379,0.11096101214845779,0.10732890045783723,white,0.11096101214845779,0.46410113144293896,0.49156777783248806,0.0274666463895491,6.4890237208966415
Italian Game: Two Knights Defense #2,C55,20576,9.964788835562169e-05,0.23765552099533438,0.10769828926905133,white,0.23765552099533438,0.5443458980044346,0.586075205640423,0.04172930763598848,9.213867702140917
"Italian Game: Two Knights Defense, Fried Liver Attack",C57,184530,0.0008936637265874257,0.38960060694737986,0.0781932477103994,white,0.38960060694737986,0.5773366418527709,0.7061784897025172,0.12884184784974628,7.020180998307739
"Italian Game: Two Knights Defense, Fritz Variation",C57,72310,0.0003501914272450916,0.10004148803761582,0.25913428294841656,black,0.25913428294841656,0.5055210489993098,0.6110482867805044,0.10552723778119455,7.957030618009264
"Italian Game: Two Knights Defense, Knight Attack",C57,80585,0.000390266576746587,0.3539492461376187,0.08139231866972761,white,0.3539492461376187,0.746268656716418,0.7034627856701667,-0.04280587104625122,7.848680522221443
"Italian Game: Two Knights Defense, Knight Attack, Normal Variation",C57,205433,0.0009948952492496322,0.2171121484863678,0.14066386607799136,white,0.2171121484863678,0.4858156028368794,0.53361933180836,0.04780372897148055,6.912873103483756
"Italian Game: Two Knights Defense, Lolli Attack",C57,16911,8.189859253411346e-05,0.22340488439477263,0.12613092070250134,white,0.22340488439477263,0.5866666666666667,0.5481220657276995,-0.038544600938967166,9.410028752428577
"Italian Game: Two Knights Defense, Max Lange Attack",C55,41967,0.00020324275518178342,0.23954535706626634,0.07498749017084852,white,0.23954535706626634,0.6076759061833689,0.6180944755804644,0.010418569397095512,8.501109455033722
"Italian Game: Two Knights Defense, Modern Bishop's Opening",C55,536542,0.0025984291074116436,0.0988198500769744,0.07712909706975409,white,0.0988198500769744,0.4876555401935611,0.5210597789908135,0.03340423879725235,5.952848206007763
"Italian Game: Two Knights Defense, Open Variation",C55,28248,0.00013680275808075436,0.21081138487680542,0.09253752478051544,white,0.21081138487680542,0.5798319327731093,0.5635222349924852,-0.016309697780624077,8.89697039157004
"Italian Game: Two Knights Defense, Perreux Variation",C55,27579,0.0001335628456920534,0.1899271184596976,0.10112766960368397,white,0.1899271184596976,0.5266544117647058,0.5597026022304833,0.03304819046577745,8.920938436646397
"Italian Game: Two Knights Defense, Polerio Defense",C57,56775,0.000274956690386393,0.12739762219286657,0.1606693086745927,black,0.1606693086745927,0.5122699386503068,0.5401744293932084,0.027904490742901578,8.198896962204502
"Italian Game: Two Knights Defense, Polerio Defense, Bishop Check Line",C58,159758,0.0007736949527564839,0.0957948897707783,0.11165012080772167,black,0.11165012080772167,0.4784167701006758,0.4955654914608224,0.017148721360146613,7.164332879945093
"Italian Game: Two Knights Defense, Polerio Defense, Bogoljubov Variation",C58,44597,0.00021597963049162426,0.11572527300042604,0.09852680673587909,white,0.11572527300042604,0.5101404056162246,0.5109745390693591,0.0008341334531344335,8.44032645800646
"Italian Game: Two Knights Defense, Polerio Defense, Kieseritzky Variation",C58,19175,9.286295972098785e-05,0.11572359843546284,0.08933507170795306,white,0.11572359843546284,0.5260906757912746,0.4898614735996788,-0.036229202191595755,9.284385702942805
"Italian Game: Two Knights Defense, Polerio Defense, Suhle Defense",C59,23961,0.00011604116703387692,0.04052418513417637,0.08789282584199323,black,0.08789282584199323,0.49980415197806505,0.5757211538461539,0.07591700186808881,9.061565541592763
"Italian Game: Two Knights Defense, Ponziani-Steinitz Gambit",C57,29435,0.0001425513021844734,0.1813487344997452,0.2535077288941736,black,0.2535077288941736,0.5609318996415771,0.4914805332391631,-0.069451366402414,8.8558086077159
"Italian Game: Two Knights Defense, Traxler Counterattack",C57,14507,7.025621677561256e-05,0.12635279520231613,0.14489556765699318,black,0.14489556765699318,0.5112107623318386,0.4845679012345679,-0.02664286109727071,9.56336175863936
"Italian Game: Two Knights Defense, Traxler Counterattack, Bishop Sacrifice Line",C57,30751,0.00014892458275776258,0.17723000878020226,0.160905336411824,white,0.17723000878020226,0.469081595316502,0.5563364316481524,0.08725483633165038,8.81207053614717
"Italian Game: Two Knights Defense, Traxler Counterattack, Knight Sacrifice Line",C57,85604,0.00041457318403939733,0.19406803420400917,0.33005467034250735,black,0.33005467034250735,0.5369891360579411,0.5166079851192453,-0.020381150938695747,7.78826103916823
"Italian Game: Two Knights Defense, Ulvestad Variation",C57,26898,0.0001302648182829273,0.08509926388579077,0.1575581827645178,black,0.1575581827645178,0.47702205882352944,0.5270555165144062,0.05003345769087675,8.945941115794767
"Italian Game: Two Knights Defense, de Riviere Gambit",C55,70502,0.0003414354308343721,0.12157101926186491,0.10769907236674137,white,0.12157101926186491,0.436084142394822,0.49303912824291307,0.056954985848091055,7.982351971985962
Kadas Opening,A00,171073,0.0008284925740990119,0.07799009779450877,0.11285825349412239,black,0.11285825349412239,0.45814732142857145,0.524958006718925,0.06681068529035356,7.095902684204799
Kangaroo Defense,E00,27780,0.0001345362722841743,0.07415406767458603,0.0644708423326134,white,0.07415406767458603,0.4785005512679162,0.5254555494202098,0.04695499815229359,8.913676712869927
"Kangaroo Defense: Keres Defense, Transpositional Variation",E00,25602,0.00012398839607701334,0.08909460198421998,0.06741660807749394,white,0.08909460198421998,0.47880870561282934,0.5462885738115096,0.06747986819868029,8.995322576762208
King's Gambit,C30,517343,0.0025054499176498054,0.13604900423896718,0.0821253984300551,white,0.13604900423896718,0.5161290322580645,0.539989005877627,0.02385997361956249,5.989286952728633
King's Gambit Accepted,C33,17638,8.541939418820254e-05,0.09655289715387232,0.16220659938768567,black,0.16220659938768567,,0.51349487785658,,9.367937384730135
"King's Gambit Accepted, Abbazia Defense",C36,46448,0.00022494387239220046,0.08915346193592835,0.10532208060626938,black,0.10532208060626938,0.4822404371584699,0.46949602122015915,-0.012744415938310771,8.39965964291385
"King's Gambit Accepted, Allgaier Gambit",C39,7734,3.745513066399583e-05,0.1856736488233773,0.11727437289888802,white,0.1856736488233773,0.5563549160671463,0.5242587601078167,-0.032096155959329575,10.19236685701102
"King's Gambit Accepted, Becker Defense",C34,53779,0.00026044730695358567,0.12718719202662748,0.06606668030272039,white,0.12718719202662748,0.4483811850946854,0.543358233192595,0.09497704809790963,8.253109993801246
"King's Gambit Accepted, Bishop's Gambit",C33,63976,0.0003098305455598393,0.14955608353132424,0.09616106039764911,white,0.14955608353132424,0.5176623376623377,0.5454545454545454,0.0277922077922077,8.079485037166537
"King's Gambit Accepted, Bishop's Gambit, Anderssen Defense",C33,6041,2.9256069865683838e-05,0.19665618275120014,0.08243668266843238,white,0.19665618275120014,0.5872832369942197,0.5897435897435898,0.002460352749370065,10.43942348903952
"King's Gambit Accepted, Bishop's Gambit, Bogoljubov Variation",C33,8146,3.945041303192527e-05,0.16155168180702184,0.08838693837466241,white,0.16155168180702184,0.5242047026279392,0.5714285714285714,0.04722386880063223,10.140466040969903
"King's Gambit Accepted, Bishop's Gambit, Cozio Defense",C33,12120,5.869617062938059e-05,0.14876237623762376,0.11212871287128713,white,0.14876237623762376,0.4243243243243243,0.5133793103448275,0.08905498602050321,9.743136069554957
"King's Gambit Accepted, Bishop's Gambit, Maurian Defense",C33,30708,0.00014871633726790587,0.15328253223915592,0.09873648560635664,white,0.15328253223915592,0.4753593429158111,0.5350800070335854,0.05972066411777427,8.813469843230473
"King's Gambit Accepted, Blachly Gambit",C37,26294,0.00012733969558819582,0.15885753403818362,0.10344565300068456,white,0.15885753403818362,0.45461658841940533,0.5525090532850492,0.09789246486564385,8.968652273921712
"King's Gambit Accepted, Bonsch-Osmolovsky Variation",C34,20714,0.00010031621109051068,0.08704257989765377,0.08482185961185672,white,0.08704257989765377,0.43889479277364507,0.49141630901287553,0.05252151623923046,9.207183250029438
"King's Gambit Accepted, Cunningham Defense",C35,127838,0.0006191089984256398,0.08790813373175425,0.12440745318293465,black,0.12440745318293465,0.5063920454545454,0.5459522229595223,0.03956017750497687,7.387229212856232
"King's Gambit Accepted, Cunningham Defense, Bertin Gambit",C35,12667,6.134524697709272e-05,0.22988868713981211,0.08099786847714534,white,0.22988868713981211,0.5245579567779961,0.6974789915966386,0.17292103481864252,9.69899286369463
"King's Gambit Accepted, Cunningham Defense, McCormick Defense",C35,11472,5.5557959526423604e-05,0.0943165969316597,0.09004532775453278,white,0.0943165969316597,0.4146981627296588,0.48012718600953896,0.06542902327988015,9.798083766338861
"King's Gambit Accepted, Fischer Defense",C34,304556,0.0014749398467163064,0.12221726053665008,0.06935013593559149,white,0.12221726053665008,0.47929959934708416,0.5445849479910259,0.0652853486439417,6.519138071909207
"King's Gambit Accepted, Hanstein Gambit",C38,14176,6.865321079555273e-05,0.08789503386004514,0.07442155756207675,white,0.08789503386004514,0.41944444444444445,0.518348623853211,0.09890417940876656,9.5864426563334
"King's Gambit Accepted, Kieseritzky Gambit, Cotter Gambit",C39,6918,3.350330927508704e-05,0.20396068227811506,0.14671870482798496,white,0.20396068227811506,0.4909819639278557,0.5089058524173028,0.017923888489447093,10.303866339681148
"King's Gambit Accepted, Kieseritzky Gambit, Kolisch Defense",C39,6455,3.12610380703508e-05,0.09868319132455461,0.13338497288923315,black,0.13338497288923315,0.5260416666666666,0.44964028776978415,-0.07640137889688248,10.37313802589752
"King's Gambit Accepted, Kieseritzky Gambit, Long Whip",C39,7266,3.518864486741579e-05,0.10473437930085329,0.07459399944949077,white,0.10473437930085329,0.5972359328726555,0.4057971014492754,-0.19143883142338014,10.254787116397114
"King's Gambit Accepted, King's Knight Gambit",C34,267972,0.0012977665211135624,0.1668495215918081,0.07476527398384906,white,0.1668495215918081,0.49902610050642776,0.582260721039468,0.08323462053304026,6.647110552755374
"King's Gambit Accepted, Lolli Gambit",C37,5536,2.6810396089459648e-05,0.24710982658959538,0.09429190751445087,white,0.24710982658959538,,0.6611111111111111,,10.526720831880755
"King's Gambit Accepted, MacLeod Defense",C34,417043,0.0020197052052630996,0.14769939790381328,0.085257395520366,white,0.14769939790381328,0.49392423159399573,0.5456014895293047,0.05167725793530892,6.204803716207572
"King's Gambit Accepted, Mason-Keres Gambit",C33,5510,2.668448021187187e-05,0.1397459165154265,0.1221415607985481,white,0.1397459165154265,0.5373443983402489,0.4965473948524796,-0.04079700348776932,10.531428427031301
"King's Gambit Accepted, Modern Defense",C36,66361,0.00032138090586933377,0.10182185319690783,0.11366615934057654,black,0.11366615934057654,0.53081876724931,0.4797307185716376,-0.05108804867767236,8.042883515668555
"King's Gambit Accepted, Muzio Gambit, Sarratt Defense",C37,9086,4.4002756298560396e-05,0.1513317191283293,0.10422628219238389,white,0.1513317191283293,0.4322396576319544,0.47580645161290325,0.04356679398094887,10.031258282858913
"King's Gambit Accepted, Muzio Gambit, Wild Muzio Gambit",C37,10915,5.286045399502385e-05,0.28245533669262485,0.07402656894182318,white,0.28245533669262485,0.5610766045548654,0.707037643207856,0.1459610386529906,9.847855060194217
"King's Gambit Accepted, Polerio Gambit",C33,48386,0.00023432944819085883,0.12435415202744596,0.12518083743231515,black,0.12518083743231515,0.4219554030874786,0.4554072595734065,0.03345185648592791,8.358782534514528
"King's Gambit Accepted, Rosentreter Gambit",C37,25360,0.00012281640983177324,0.12330441640378549,0.08012618296529968,white,0.12330441640378549,0.42491657397107896,0.5400223380491437,0.11510576407806472,9.0048199206271
"King's Gambit Accepted, Salvio Gambit",C37,16237,7.86344655535687e-05,0.11861797130011702,0.22510315945063744,black,0.22510315945063744,0.5956204379562043,0.5236406619385343,-0.07197977601767003,9.450700461591147
"King's Gambit Accepted, Schallopp Defense",C34,161410,0.0007816954539016766,0.15341676476054766,0.09699522953968155,white,0.15341676476054766,0.45519429024583663,0.5445951343845701,0.08940084413873345,7.154045338410937
"King's Gambit Accepted, Traditional Variation",C38,10348,5.0114519279936496e-05,0.0935446463084654,0.07924236567452649,white,0.0935446463084654,0.4261992619926199,0.5225225225225225,0.09632326052990259,9.901199785872342
"King's Gambit Accepted: Cunningham, Bertin Gambit",C35,10269,4.9731928728804394e-05,0.1664232155029701,0.1364300321355536,white,0.1664232155029701,0.4835164835164835,0.44570502431118314,-0.03781145920530038,9.908863401979966
King's Gambit Accepted: King Knight's Gambit,C37,35607,0.0001724417943564649,0.15317212907574354,0.09368944308703345,white,0.15317212907574354,0.510840108401084,0.5207819944143256,0.009941886013241641,8.665450802453647
King's Gambit Accepted: Modern Defense #2,C36,109730,0.0005314134326041197,0.13637109268203773,0.08416112275585529,white,0.13637109268203773,0.506929861402772,0.5852291460600066,0.07829928465723468,7.539970247193417
"King's Gambit Declined, Classical Variation",C30,98053,0.00047486267481210024,0.11304090644855333,0.13556953892282744,black,0.13556953892282744,0.5081998474446987,0.4671497191239925,-0.0410501283207062,7.652484901387466
"King's Gambit Declined, Classical Variation #2",C30,16330,7.908485696186344e-05,0.07911818738518064,0.07917942437232088,black,0.07917942437232088,0.4735342019543974,0.42028985507246375,-0.053244346881933635,9.444989143213752
"King's Gambit Declined, Keene Defense",C30,23538,0.0001139926125638911,0.10825048857167134,0.0837369360183533,white,0.10825048857167134,0.4985754985754986,0.509573810994441,0.01099831241894239,9.079376913740655
"King's Gambit Declined, Mafia Defense",C30,22250,0.00010775493370492723,0.1112808988764045,0.11806741573033708,black,0.11806741573033708,0.48596321393998065,0.4597130242825607,-0.02625018965741993,9.135651041583875
"King's Gambit Declined, Miles Defense",C30,23256,0.00011262690958390057,0.10831613347093223,0.16821465428276575,black,0.16821465428276575,0.5677267373380448,0.43979591836734694,-0.12793081897069786,9.09142988693955
"King's Gambit Declined, Norwalde Variation",C30,24854,0.00012036589313718029,0.15031785628067917,0.09507523939808482,white,0.15031785628067917,,0.5622051154705736,,9.024974344812321
"King's Gambit Declined, Petrov's Defense",C30,38525,0.00018657343015650885,0.14341336794289422,0.1280986372485399,white,0.14341336794289422,0.4956794972505892,0.5365281815624121,0.040848684311822925,8.586685668989945
"King's Gambit Declined, Queen's Knight Defense",C30,550460,0.002665832845268056,0.12461577589652291,0.10191657886131598,white,0.12461577589652291,0.479215279578256,0.5125703430869801,0.033355063508724137,5.92723875789042
"King's Gambit Declined: Classical, Soldatenkov Variation",C30,7948,3.849151519491063e-05,0.08668847508807247,0.14506794162053346,black,0.14506794162053346,0.4686192468619247,0.5431034482758621,0.07448420141393741,10.165072725506555
King's Gambit Declined: Falkbeer Countergambit,C31,35267,0.00017079520211108623,0.08327898602092608,0.23506394079451046,black,0.23506394079451046,0.662778366914104,0.5224972754164721,-0.1402810914976319,8.675045367688861
"King's Gambit Declined: Falkbeer, Milner-Barry Variation",C31,11727,5.67929037104576e-05,0.08629658054063273,0.09866120917540717,black,0.09866120917540717,0.4711673699015471,0.5173876166242578,0.04622024672271069,9.776099174717197
King's Gambit Declined: Keene's Defense #2,C30,33035,0.00015998580831201218,0.1564098683214772,0.09919782049341608,white,0.1564098683214772,,0.5534075217285355,,8.740425444714276
"King's Gambit, Falkbeer Countergambit Accepted",C31,41393,0.00020046292003811472,0.1373420626676008,0.07617229966419443,white,0.1373420626676008,0.5134596211365903,0.5563164108618655,0.04285678972527518,8.514881265786453
"King's Gambit, Falkbeer Countergambit, Blackburne Attack",C31,44139,0.0002137615738787318,0.12587507646299192,0.13262647545254763,black,0.13262647545254763,0.4798705966930266,0.457981880662293,-0.021888716030733613,8.450649304812206
"King's Gambit, Falkbeer Countergambit, Charousek Gambit",C31,20715,0.00010032105400887944,0.08805213613323679,0.10818247646632875,black,0.10818247646632875,0.46059889676910953,0.36416184971098264,-0.09643704705812689,9.20713497466676
"King's Gambit, Falkbeer Countergambit, Charousek Gambit Accepted",C32,8923,4.3213360604452394e-05,0.10153535806343159,0.12944077104112967,black,0.12944077104112967,0.4262851600387973,0.4,-0.026285160038797273,10.04936083727811
"King's Gambit, Falkbeer Countergambit, Hinrichsen Gambit",C31,9175,4.443377603338011e-05,0.10245231607629428,0.1106267029972752,black,0.1106267029972752,0.48236331569664903,0.4954128440366973,0.013049528340048244,10.02151065625549
"King's Gambit, Falkbeer Countergambit, Modern Transfer",C32,16340,7.913328614555105e-05,0.08433292533659731,0.17209302325581396,black,0.17209302325581396,0.4988644965934898,0.49904580152671757,0.00018130493322776609,9.444376960764268
"King's Gambit, Falkbeer Countergambit, Nimzowitsch-Marshall Countergambit",C31,9537,4.6186912482871504e-05,0.0766488413547237,0.22029988465974626,black,0.22029988465974626,0.5507042253521127,0.5136612021857924,-0.037043023166320355,9.982814079599349
"King's Gambit, Falkbeer Countergambit, Staunton Line",C31,58097,0.0002813590284698947,0.06922904797149594,0.13587620703306538,black,0.13587620703306538,0.5075034106412005,0.5303308823529411,0.0228274717117406,8.175879022783274
King's Gambit: Panteldakis Countergambit,C30,19748,9.563795194628777e-05,0.1708527445817298,0.11484707312132875,white,0.1708527445817298,0.492156862745098,0.5348005009840758,0.04264363823897782,9.254940829799509
King's Indian Attack,A07,391542,0.0018962059439413311,0.06818425609513155,0.05371837504022557,white,0.06818425609513155,0.5027574374214896,0.4979809940188845,-0.0047764434026050795,6.267900260825835
King's Indian Attack: Double Fianchetto,A07,8622,4.17556421754554e-05,0.06181860357225702,0.046045001159823705,white,0.06181860357225702,0.48057971014492756,0.489120151371807,0.008540441226879414,10.083675973871182
King's Indian Attack: French Variation,A08,99470,0.00048172509014063423,0.06738715190509702,0.04330954056499447,white,0.06738715190509702,0.5320407492605981,0.49161098737936154,-0.04042976188123654,7.638136959031802
King's Indian Attack: Keres Variation #2,A07,30982,0.0001500432969009463,0.07330062617003422,0.06387579885094571,white,0.07330062617003422,0.5030816640986132,0.501450737984105,-0.0016309261145082132,8.804586659511953
King's Indian Attack: Omega-Delta Gambit,A07,11090,5.370796470955699e-05,0.09792605951307484,0.08214607754733995,white,0.09792605951307484,0.536723163841808,0.491331096196868,-0.04539206764493997,9.83194924883385
King's Indian Attack: Sicilian Variation,A08,43664,0.00021146118765357044,0.07965371931110297,0.049491572004397216,white,0.07965371931110297,0.5273340832395951,0.5139517345399698,-0.01338234869962529,8.461469086230142
King's Indian Attack: Sicilian Variation #2,A08,16508,7.994689643150286e-05,0.0371335110249576,0.01974800096922704,white,0.0371335110249576,0.5212552171896738,0.5841584158415841,0.0629031986519103,9.43414793830579
King's Indian Attack: Symmetrical Defense,A05,112645,0.0005455305396490574,0.04711261041324515,0.03704558568955568,white,0.04711261041324515,0.4953315700583155,0.4797812396420285,-0.015550330416287006,7.513751769567018
King's Indian Attack: Wahls Defense,A05,30118,0.000145859015430337,0.04133740620227107,0.03924563384022844,white,0.04133740620227107,0.48853132488873674,0.4351503759398496,-0.05338094894888712,8.832870050531497
King's Indian Attack: Yugoslav Variation,A07,19938,9.655810643635232e-05,0.04719630855652523,0.03405557227404955,white,0.04719630855652523,0.4824061662198391,0.5158730158730159,0.03346684965317681,9.245365591595613
King's Indian Defense,E61,304513,0.0014747316012264497,0.05763957532190744,0.06302522388206744,black,0.06302522388206744,0.46889106967615307,0.4874950271847235,0.018603957508570412,6.519279271018246
King's Indian Defense: 3.Nc3,E61,31567,0.00015287640414667137,0.07105521589001172,0.05676814394779358,white,0.07105521589001172,0.49454545454545457,0.5122059476253884,0.017660493079933837,8.785880779065863
King's Indian Defense: Accelerated Averbakh Variation,E70,31589,0.0001529829483507841,0.07398144923865903,0.05964101427712178,white,0.07398144923865903,0.5024208566108007,0.49695307739183425,-0.005467779218966462,8.785184091470391
"King's Indian Defense: Averbakh Variation, Flexible Defense",E73,6157,2.981784839646009e-05,0.04190352444372259,0.03313301932759461,white,0.04190352444372259,0.5094197437829691,0.5789473684210527,0.0695276246380836,10.420403404267052
King's Indian Defense: Exchange Variation,E92,16057,7.776274024719176e-05,0.06738494114716323,0.04104129040293953,white,0.06738494114716323,0.5011820330969267,0.46859903381642515,-0.03258299928050151,9.461848158628577
"King's Indian Defense: Fianchetto Variation, Classical Fianchetto",E67,19565,9.475169788480455e-05,0.04375159723996933,0.03306925632507028,white,0.04375159723996933,0.4713365792366892,0.5525114155251142,0.08117483628842498,9.26425079453375
"King's Indian Defense: Fianchetto Variation, Classical Main Line",E69,7416,3.5915082622729904e-05,0.04058791801510248,0.028586839266450916,white,0.04058791801510248,0.5164454702827467,,,10.23435322193257
"King's Indian Defense: Fianchetto Variation, Debrecen Defense",E67,14392,6.969928116320506e-05,0.04704002223457476,0.038910505836575876,white,0.04704002223457476,0.49179638199411024,0.4989106753812636,0.007114293387153359,9.571320553547892
"King's Indian Defense: Fianchetto Variation, Delayed Fianchetto",E62,13886,6.724876446861212e-05,0.04544145182197897,0.03615151951605934,white,0.04544145182197897,0.5051679586563308,0.5059445178335535,0.0007765591772227465,9.607111911865044
"King's Indian Defense: Fianchetto Variation, Karlsbad Variation",E62,8053,3.900002162363052e-05,0.036259778964361104,0.042841177201043086,black,0.042841177201043086,0.4464601769911504,0.5170068027210885,0.07054662572993803,10.151948357382716
"King's Indian Defense: Fianchetto Variation, Kavalek Defense",E62,7548,3.6554347847406325e-05,0.034048754636989934,0.05219925808161102,black,0.05219925808161102,0.47773797338792223,0.3333333333333333,-0.14440464005458892,10.216710422689822
"King's Indian Defense: Fianchetto Variation, Panno Variation",E63,17047,8.255722943226492e-05,0.03331964568545785,0.0342582272540623,black,0.0342582272540623,0.46212859230394543,0.5227272727272727,0.06059868042332728,9.402018815027336
"King's Indian Defense: Fianchetto Variation, Simagin Variation",E62,7921,3.83607563989541e-05,0.02651180406514329,0.04393384673652317,black,0.04393384673652317,0.4502598366740906,0.425531914893617,-0.02472792178047356,10.168475589713982
"King's Indian Defense: Fianchetto Variation, Uhlmann-Szabo System",E62,25767,0.00012478747760785887,0.03733457523188575,0.03407459153180425,white,0.03733457523188575,0.4780982905982906,0.5478723404255319,0.06977404982724128,8.988898446743928
"King's Indian Defense: Fianchetto Variation, Yugoslav System, without Nc3",E64,7444,3.6050684337055206e-05,0.049167114454594305,0.04030091348737238,white,0.049167114454594305,0.4831975560081466,0.48091603053435117,-0.002281525473795454,10.230584711416121
"King's Indian Defense: Fianchetto Variation, Yugoslav Variation",E65,17188,8.32400809222602e-05,0.07121247381894345,0.0409588084710263,white,0.07121247381894345,0.52120433266018,0.5018315018315018,-0.019372830828678134,9.393781584283376
"King's Indian Defense: Fianchetto Variation, Yugoslav Variation, Advance Line",E66,6168,2.9871120498516458e-05,0.02756160830090791,0.03339818417639429,black,0.03339818417639429,0.4517786561264822,0.5272727272727272,0.07549407114624501,10.418618413935096
"King's Indian Defense: Fianchetto Variation, Yugoslav Variation, Rare Line",E64,5376,2.6035529150457925e-05,0.047061011904761904,0.050967261904761904,black,0.050967261904761904,0.47813121272365805,0.4805194805194805,0.002388267795822463,10.556048446975277
King's Indian Defense: Four Pawns Attack,E76,106544,0.000515983894681248,0.05745044300946088,0.05226009911398108,white,0.05745044300946088,0.48303613697333125,0.5069601812884429,0.023924044315111637,7.5694350048278585
"King's Indian Defense: Four Pawns Attack, Dynamic Attack",E76,33691,0.00016316276276191925,0.0422367991451723,0.045590810602237984,black,0.045590810602237984,0.4594453165881737,0.4734042553191489,0.013958938730975201,8.72076231081984
"King's Indian Defense: Four Pawns Attack, Normal Attack",E77,7981,3.865133150107974e-05,0.02931963413106127,0.03320385916551811,black,0.03320385916551811,0.4376432078559738,0.26666666666666666,-0.17097654118930716,10.160929333302253
King's Indian Defense: Kramer Variation,E70,10674,5.169331066815251e-05,0.05742926737867716,0.04037848978827056,white,0.05742926737867716,0.512741786920479,0.5214521452145214,0.00871035829404243,9.870182172284371
King's Indian Defense: Larsen Variation,E90,30696,0.00014865822224748073,0.042611415168100075,0.0590956476413865,black,0.0590956476413865,0.45536445536445536,0.4668517875737591,0.011487332209303758,8.813860697251474
King's Indian Defense: Makogonov Variation,E71,45944,0.000222503041534345,0.04152881769110221,0.041158802019850255,white,0.04152881769110221,0.49182194616977226,0.502116850127011,0.010294903957238755,8.41056978663413
King's Indian Defense: Normal Variation,E70,234614,0.0011362164501684403,0.058811494625214185,0.05553377036323493,white,0.058811494625214185,0.4750063898930149,0.49712185618136734,0.022115466288352426,6.780051439712963
"King's Indian Defense: Normal Variation, King's Knight Variation",E60,190403,0.0009221061861671578,0.05410103832397599,0.05909045550752877,black,0.05909045550752877,0.4513135076112788,0.4953479886892274,0.044034481077948606,6.988850171660468
"King's Indian Defense: Normal Variation, Rare Defenses",E90,208762,0.0010110173244992368,0.04824632835477721,0.05331909063910099,black,0.05331909063910099,0.45117527909934524,0.4840442777083044,0.032868998608959143,6.896798203087421
"King's Indian Defense: Normal Variation, Standard Development",E73,17814,8.627174782110444e-05,0.06028965981812058,0.04546985517009094,white,0.06028965981812058,0.5065138092756644,0.5157068062827225,0.009192997007058112,9.358008385186446
King's Indian Defense: Orthodox Variation,E91,151115,0.0007318376092952844,0.04313933097309996,0.039916619792872976,white,0.04313933097309996,0.49038625632857386,0.5023732675147142,0.011987011186140373,7.219951913839275
"King's Indian Defense: Orthodox Variation, Aronin-Taimanov Defense",E97,20333,9.847105919201282e-05,0.03526287316185511,0.034475975015983866,white,0.03526287316185511,0.48476800499921885,0.49145299145299143,0.006684986453772579,9.22574786826792
"King's Indian Defense: Orthodox Variation, Bayonet Attack",E97,16370,7.927857369661388e-05,0.030360415394013438,0.02217470983506414,white,0.030360415394013438,0.5123531794248684,0.48484848484848486,-0.027504694576383493,9.442542658813082
"King's Indian Defense: Orthodox Variation, Classical System",E98,18408,8.914844133214834e-05,0.011679704476314647,0.012114298131247285,black,0.012114298131247285,0.4267136606708799,0.25,-0.1767136606708799,9.32520769746306
"King's Indian Defense: Orthodox Variation, Classical System, Neo-Classical Line",E99,7141,3.458328007132069e-05,0.016104187088643047,0.012323204033048592,white,0.016104187088643047,0.5119260584376863,0.0,-0.5119260584376863,10.272140227629151
"King's Indian Defense: Orthodox Variation, Glek Defense",E94,9386,4.545563180918863e-05,0.02631578947368421,0.04485403792883017,black,0.04485403792883017,0.4774682507169193,0.5,0.022531749283080715,9.998773832823899
"King's Indian Defense: Orthodox Variation, Gligoric-Taimanov System",E92,11442,5.541267197536078e-05,0.03828002097535396,0.034958923265163436,white,0.03828002097535396,0.5264308426073132,0.47540983606557374,-0.051021006541739466,9.800702254349787
"King's Indian Defense: Orthodox Variation, Positional Defense",E94,15342,7.43000536135278e-05,0.05110155129709295,0.038065441272324335,white,0.05110155129709295,0.49721131997521173,0.49101796407185627,-0.0061933559033554575,9.50739888465902
"King's Indian Defense: Orthodox Variation, Positional Defense, Closed Line",E94,19826,9.601569957905111e-05,0.026783012206193887,0.04403308786442046,black,0.04403308786442046,0.47075700728316044,0.5121412803532008,0.04138427307004039,9.25099884258542
King's Indian Defense: Petrosian Variation,E92,10403,5.0380879790218334e-05,0.04027684321830241,0.04441026626934538,black,0.04441026626934538,0.42973072666912576,0.47766323024054985,0.04793250357142409,9.895898824107366
"King's Indian Defense: Petrosian Variation, Stein Defense",E92,15482,7.497806218515431e-05,0.01982947939542695,0.04450329414804289,black,0.04450329414804289,0.4597393919144671,0.5945945945945946,0.13485520268012752,9.498314991413602
King's Indian Defense: Semi-Averbakh System,E73,16668,8.072176337050459e-05,0.04655627549796016,0.04973602111831053,black,0.04973602111831053,0.4393166185932993,0.4225352112676056,-0.016781407325693665,9.424502336635918
King's Indian Defense: Semi-Classical Variation,E61,38132,0.00018467016323758586,0.040045106472254274,0.04473932654987937,black,0.04473932654987937,0.46732837055417703,0.4813039309683605,0.013975560414183463,8.596939225564793
"King's Indian Defense: Semi-Classical Variation, Benoni Variation",E61,5507,2.6669951456765586e-05,0.025059015798075176,0.03559106591610677,black,0.03559106591610677,0.4331864904552129,0.4869109947643979,0.05372450430918502,10.53197303991578
"King's Indian Defense: Semi-Classical Variation, Hollywood Variation",E61,10089,4.886020342242745e-05,0.032510655168995935,0.04291802953711964,black,0.04291802953711964,0.4619700748129676,0.49238578680203043,0.030415711989062844,9.926547328769882
King's Indian Defense: Smyslov Variation,E61,85982,0.0004164038071827889,0.0575004070619432,0.049836012188597616,white,0.0575004070619432,0.4922169091464035,0.4852900360810436,-0.006926873065359884,7.783855078174987
King's Indian Defense: Steiner Attack,E76,15005,7.266799012325543e-05,0.050116627790736425,0.041386204598467174,white,0.050116627790736425,0.5074013157894737,0.5083333333333333,0.0009320175438596312,9.529609571303794
King's Indian Defense: Sämisch Variation,E80,25210,0.00012208997207645912,0.04426814756049187,0.03784212614042047,white,0.04426814756049187,0.5092002830856334,0.5054945054945055,-0.00370577759112789,9.010752308996297
"King's Indian Defense: Sämisch Variation, Bobotsov-Korchnoi-Petrosian Variation",E81,11325,5.484605052621577e-05,0.043178807947019865,0.041766004415011035,white,0.043178807947019865,0.5136017410228509,0.47520661157024796,-0.03839512945260298,9.810980378827027
"King's Indian Defense: Sämisch Variation, Closed Variation",E87,13546,6.560217222323345e-05,0.03255573601063044,0.03764949062453861,black,0.03764949062453861,0.43224932249322495,0.4,-0.03224932249322493,9.631901749403413
"King's Indian Defense: Sämisch Variation, Closed Variation, 7...c6",E88,5216,2.5260662211456198e-05,0.038918711656441715,0.03316717791411043,white,0.038918711656441715,0.5174418604651163,0.5138888888888888,-0.0035529715762274705,10.586262225571772
"King's Indian Defense: Sämisch Variation, Normal Defense",E81,68847,0.000333420400934073,0.03907214548201084,0.04716254884018185,black,0.04716254884018185,0.44870677128741643,0.49209302325581394,0.043386251968397516,8.00610639895554
"King's Indian Defense: Sämisch Variation, Orthodox Variation",E85,11927,5.776148738420976e-05,0.044269304938375116,0.03303429194265113,white,0.044269304938375116,0.5266229029905178,0.47058823529411764,-0.0560346676964002,9.759188312599592
"King's Indian Defense: Sämisch Variation, Yates Defense",E83,20455,9.906189523300164e-05,0.03192373502811049,0.04355903202151063,black,0.04355903202151063,0.44529558701082433,0.5,0.054704412989175666,9.219765698814763
King's Indian Defense: Zinnowitz Variation,E90,71914,0.00034827363157106234,0.059974413883249436,0.05748532969936313,white,0.059974413883249436,0.47907276239536384,0.48070460076486266,0.001631838369498817,7.962522089541825
"King's Indian, Fianchetto, Classical Variation, 8.e4",E68,11473,5.5562802444792364e-05,0.04244748540050553,0.038350910834132314,white,0.04244748540050553,0.4797752808988764,0.4230769230769231,-0.056698357821953316,9.797996601379118
King's Knight Opening,C40,362354,0.0017548508425939417,0.17888032145360613,0.08480933010260684,white,0.17888032145360613,0.6625,0.5881597232636494,-0.07434027673635057,6.3453714156511225
King's Knight Opening: Konstantinopolsky,C44,111420,0.0005395979646473255,0.07390953150242327,0.09444444444444444,black,0.09444444444444444,0.45772151898734176,0.4871134508682561,0.029391931880914324,7.524686205603455
King's Knight Opening: Normal Variation,C44,530256,0.002567986522545613,0.07818487673878277,0.09986685676352554,black,0.09986685676352554,0.5015952597994531,0.5042420725778628,0.002646812778409724,5.964633141398096
King's Pawn,B00,69218,0.0003352171236488833,0.26325522262995177,0.07456153023779942,white,0.26325522262995177,0.5821727019498607,0.5851199539113616,0.0029472519615009185,8.000732105789764
King's Pawn Game,C20,397478,0.001924953507378295,0.08124223227449066,0.13118713488545278,black,0.13118713488545278,0.5734304932735426,0.5543832190487656,-0.019047274224776922,6.252853463545329
King's Pawn Game: Alapin Opening,C20,46051,0.0002230212337998024,0.07385290221710712,0.08742481162189746,black,0.08742481162189746,0.47318611987381703,0.4994326777609682,0.02624655788715119,8.408243572203986
King's Pawn Game: Beyer Gambit,C21,98955,0.00047923098718072245,0.12748218887373047,0.08787832853317164,white,0.12748218887373047,0.562363238512035,0.5324715185873942,-0.02989171992464079,7.643327848853181
King's Pawn Game: Busch-Gass Gambit,C40,812450,0.003934629028699691,0.12011446858268202,0.12907625084620591,black,0.12907625084620591,0.4383827194682913,0.4560822277422514,0.017699508273960052,5.5379386763473395
"King's Pawn Game: Clam Variation, King's Gambit Reversed",C20,26227,0.00012701522005748882,0.0957791588820681,0.10024021047012621,black,0.10024021047012621,0.4691075514874142,0.47873392680514343,0.009626375317729252,8.971203635713925
King's Pawn Game: Damiano Defense,C40,422408,0.002045687462311501,0.1554160906043446,0.06816158784871498,white,0.1554160906043446,0.5760626398210291,0.5588962934084392,-0.01716634641258996,6.192021378589482
King's Pawn Game: Dresden Opening,C44,72592,0.00035155713022508214,0.07361692748512233,0.09247575490412166,black,0.09247575490412166,0.48792884371029227,0.4920566396131929,0.004127795902900633,7.953138327274517
King's Pawn Game: Gunderam Gambit,C40,89345,0.0004326905416569314,0.1342660473445632,0.09256253847445296,white,0.1342660473445632,0.5191555903049258,0.5436096376639485,0.02445404735902279,7.7454877698655
King's Pawn Game: King's Head Opening,C20,22707,0.00010996814739945091,0.07046285286475536,0.1311930241775664,black,0.1311930241775664,0.4772727272727273,0.5391690453536314,0.06189631808090412,9.115319803200984
King's Pawn Game: King's Head Opening #2,C20,195840,0.0009484371333381101,0.06697303921568627,0.12353451797385621,black,0.12353451797385621,0.5346916299559471,0.5218653196773924,-0.012826310278554742,6.960695050872164
King's Pawn Game: Leonardis Variation,C20,1538835,0.007452452287991986,0.07343802291993619,0.08185867880571991,black,0.08185867880571991,0.4737654320987654,0.47866066584427364,0.0048952337455082096,4.899212134580547
King's Pawn Game: Macleod Attack,C20,306635,0.0014850082740049601,0.08783733102874754,0.08149754594224404,white,0.08783733102874754,0.46205282514209295,0.4887754400440044,0.026722614901911468,6.512334935022484
"King's Pawn Game: Macleod Attack, Lasa Gambit",C20,5621,2.7222044150804314e-05,0.10158334815869062,0.11599359544565024,black,0.11599359544565024,,0.4923733984136669,,10.511483466176188
King's Pawn Game: Maróczy Defense,B07,346425,0.0016777079958979512,0.09869957422241467,0.05751028361117125,white,0.09869957422241467,0.4706907623153839,0.5247562583969136,0.05406549608152972,6.390326705211346
King's Pawn Game: McConnell Defense,C40,713499,0.003455417413192444,0.1036637752820957,0.11006182209085086,black,0.11006182209085086,0.38747553816046965,0.4585988876303822,0.07112334946991256,5.667812014821911
King's Pawn Game: Mengarini's Opening,C20,57684,0.0002793589031835965,0.08090631717634006,0.08151307121558837,black,0.08151307121558837,0.44093178036605657,0.4741812918400579,0.03324951147400135,8.1830132114963
King's Pawn Game: Napoleon Attack,C20,596564,0.0028891107537414025,0.14815174901603181,0.08784807665229548,white,0.14815174901603181,0.46258503401360546,0.5052473126798502,0.04266227866624478,5.846806521873771
King's Pawn Game: Nimzowitsch Defense,B00,156691,0.0007588417221194945,0.11557779323636967,0.07064221939996554,white,0.11557779323636967,0.5106630476929043,0.5355034169349147,0.024840369242010385,7.183717337071964
King's Pawn Game: Schulze-Mueller Gambit,C40,10049,4.866648668767702e-05,0.08408796895213454,0.11692705741864862,black,0.11692705741864862,0.4964336661911555,0.5690932311621967,0.0726595649710412,9.930519923129303
King's Pawn Game: Tayler Opening,C44,95799,0.00046394673680891344,0.07052265681270159,0.0715143164333657,black,0.0715143164333657,0.48978201634877383,0.469115088242605,-0.020666928106168825,7.675740803687152
"King's Pawn Game: Tayler Opening, Inverted Hanham",C44,5140,2.489260041543038e-05,0.04961089494163424,0.047470817120622566,white,0.04961089494163424,0.49940334128878283,0.49353448275862066,-0.005868858530162169,10.600939970729051
King's Pawn Game: Tortoise Opening,C20,42742,0.000206996016917573,0.08862477188713677,0.12528660334097608,black,0.12528660334097608,,0.5114535610162433,,8.482811006828125
King's Pawn Game: Wayward Queen Attack,C20,1333447,0.006457774970068948,0.17666993888770982,0.10158334002026327,white,0.17666993888770982,0.5464463840399002,0.5222413415219895,-0.02420504251791067,5.042470452395781
"King's Pawn Game: Wayward Queen Attack, Kiddie Countergambit",C20,286160,0.0013858495204045831,0.13667528655297737,0.15214914733016494,black,0.15214914733016494,0.4927007299270073,0.495248981214591,0.0025482512875836805,6.581441955245363
King's Pawn Opening: 2.b3,C20,140494,0.0006804009733006762,0.0823807422381027,0.11585548137287001,black,0.11585548137287001,0.5315985130111525,0.49535293452082696,-0.0362455784903255,7.2928282669605276
King's Pawn Opening: Speers,B20,5007,2.4248492272385197e-05,0.08448172558418214,0.23267425604154185,black,0.23267425604154185,,0.6097421203438396,,10.627156116848317
Lasker Simul Special,A00,18590,9.00298524752628e-05,0.06573426573426573,0.08434642280796127,black,0.08434642280796127,0.48292682926829267,0.4682127149140344,-0.01471411435425829,9.315369248462773
Latvian Gambit,C40,87245,0.00042252041308253374,0.12413318814831796,0.11026419852140523,white,0.12413318814831796,0.4802981895633653,0.5148030223827401,0.03450483281937483,7.7692727973459315
Latvian Gambit Accepted,C40,135133,0.0006544380879257497,0.1095365306771847,0.1267418025204798,black,0.1267418025204798,0.47075365579302586,0.46759976494470856,-0.003153890848317298,7.331733571548933
"Latvian Gambit Accepted, Bilguer Variation",C40,8179,3.9610229338094375e-05,0.10062354811101602,0.05905367404328157,white,0.10062354811101602,0.46896191966614503,0.5754189944134078,0.10645707474726279,10.136423156443287
"Latvian Gambit Accepted, Main Line",C40,8215,3.978457439936976e-05,0.11649421789409617,0.12038953134510043,black,0.12038953134510043,0.5047106325706595,0.49594594594594593,-0.00876468662471358,10.132031298706893
Latvian Gambit: Clam Gambit,C40,5853,2.8345601212356813e-05,0.06714505381855458,0.11669229454980352,black,0.11669229454980352,0.5234899328859061,0.5227790432801822,-0.0007108896057238523,10.47103869988704
Latvian Gambit: Fraser Defense,C40,7263,3.5174116112309504e-05,0.09803111661847722,0.15819909128459314,black,0.15819909128459314,0.4829787234042553,0.48563218390804597,0.0026534605037906722,10.255200083572094
Latvian Gambit: Mason Countergambit,C40,16133,7.813080204321758e-05,0.136986301369863,0.10177896237525569,white,0.136986301369863,0.4979919678714859,0.5224358974358975,0.02444392956441155,9.457126186512118
Latvian Gambit: Mayet Attack,C40,5041,2.4413151496923064e-05,0.22872445943265224,0.15433445744891885,white,0.22872445943265224,,0.5728723404255319,,10.620388575095632
"Latvian Gambit: Mayet Attack, Morgado Defense",C40,7020,3.3997286948700634e-05,0.1537037037037037,0.10826210826210826,white,0.1537037037037037,0.5518867924528302,0.5301960784313725,-0.021690714021457724,10.289229832158405
Latvian Gambit: Mlotkowski Variation,C40,32822,0.00015895426669946614,0.12317957467552251,0.10834196575467674,white,0.12317957467552251,0.48610169491525423,0.5321274581974971,0.04602576328224284,8.746894027938689
Lemming Defense,B00,12820,6.208621348751312e-05,0.1702028081123245,0.06614664586583463,white,0.1702028081123245,0.4766187050359712,0.5999609145983975,0.12334220956242631,9.686986598703601
"Lion Defense: Anti-Philidor, Lion's Cave",B07,17267,8.362267147339229e-05,0.09434180807320322,0.08658134012856894,white,0.09434180807320322,0.4900713321765953,0.47035573122529645,-0.019715600951298873,9.389195884765831
Lion Defense: Lion's Jaw,B07,36367,0.00017612241231672307,0.046800670937938244,0.05114526906261171,black,0.05114526906261171,0.4428504600031187,0.49360655737704917,0.0507560973739305,8.644331280164375
London System,A48,247686,0.001199523079084881,0.05733872725951406,0.05453679255186002,white,0.05733872725951406,0.4892805028622741,0.4660539321945721,-0.023226570667702007,6.7258312352819765
Mexican Defense,A50,61939,0.0002999655208426736,0.08396971213613394,0.08713411582363292,black,0.08713411582363292,0.49457562220804085,0.4274403470715835,-0.06713527513645734,8.111843020437513
Mieses Opening,A00,686029,0.0033223824456025852,0.054828585963567135,0.06789217365446651,black,0.06789217365446651,0.4663098890452354,0.49290674603174606,0.026596856986510653,5.707073149311284
Mieses Opening: Reversed Rat,A00,179662,0.0008700883999682983,0.06414823390588995,0.08882791018690653,black,0.08882791018690653,0.47721009115963536,0.5,0.022789908840364637,7.046915742318542
Mikenas Defense,A40,364146,0.0017635293523107609,0.10306854942797669,0.08070938579580718,white,0.10306854942797669,0.48023382542356086,0.5290076658162496,0.04877384039268873,6.3404381640769465
Mikenas Defense: Cannstatter Variation,A40,8222,3.9818474827951084e-05,0.09766480175139869,0.08440768669423498,white,0.09766480175139869,,0.537520583392143,,10.131179561720439
Mikenas Defense: Lithuanian Variation,A40,22320,0.00010809393799074048,0.03669354838709677,0.10156810035842294,black,0.10156810035842294,0.5497630331753555,0.4561904761904762,-0.09357255698487926,9.132509912683014
Modern Defense,B06,3346641,0.016207509172547926,0.07351938854511135,0.06220296709446875,white,0.07351938854511135,0.48807034188776566,0.483808285314978,-0.004262056572787665,4.122280614970633
"Modern Defense: Averbakh System, Kotov Variation",A42,43576,0.00021103501083711952,0.03380301083165045,0.05525977602349917,black,0.05525977602349917,0.47621514288180955,0.47160493827160493,-0.004610204610204616,8.463486510114752
Modern Defense: Averbakh Variation,A42,85279,0.0004129992355695501,0.05131392253661511,0.047209746830990044,white,0.05131392253661511,0.48420712496970675,0.5084166228300895,0.024209497860382734,7.792064815926141
Modern Defense: Beefeater Variation,A40,8547,4.1392423297798336e-05,0.04668304668304668,0.058032058032058034,black,0.058032058032058034,0.5029325513196481,0.4,-0.10293255131964807,10.092412706012244
Modern Defense: Bishop Attack,B06,57765,0.00027975117957146616,0.08181424738163248,0.0539946334285467,white,0.08181424738163248,0.4945743911261153,0.4844579226686884,-0.010116468457426864,8.181609994261143
Modern Defense: Geller's System,B06,92779,0.0004493211233352559,0.04696105799803835,0.04851313335991981,black,0.04851313335991981,0.4681210891256553,0.4876767290790982,0.019555639953442894,7.7077727291155655
"Modern Defense: Lizard Defense, Mittenberger Gambit",B06,6067,2.9381985743271618e-05,0.07054557441898797,0.061480138453931105,white,0.07054557441898797,0.47513812154696133,0.5005025125628141,0.02536439101585275,10.435128801235964
Modern Defense: Modern Pterodactyl,B06,10610,5.138336389255182e-05,0.07832233741753063,0.07398680490103676,white,0.07832233741753063,0.4753943217665615,0.46619217081850534,-0.009202150948056154,9.876196097570233
Modern Defense: Mongredien Defense,B06,25362,0.00012282609566851077,0.08867597192650421,0.047788029335225926,white,0.08867597192650421,0.5504,0.5020441537203598,-0.04835584627964018,9.004741059383417
Modern Defense: Mongredien Defense #2,B06,102889,0.0004982830280434274,0.07874505535091215,0.058072291498605294,white,0.07874505535091215,0.5277269957343084,0.5023906179521876,-0.025336377782120723,7.604342312973141
Modern Defense: Neo-Modern Defense,A41,5129,2.4839328313374013e-05,0.07759797231429129,0.057126145447455645,white,0.07759797231429129,,0.49541930937279777,,10.603082341788994
Modern Defense: Norwegian Defense,B06,37262,0.00018045682425676398,0.1085824700767538,0.07296978154688423,white,0.1085824700767538,0.4580595284112872,0.5270828068401988,0.0690232784289116,8.620019009597963
Modern Defense: Pseudo-Austrian Attack,B06,39528,0.0001914308772803759,0.0818154219793564,0.04806719287593605,white,0.0818154219793564,0.5142014016967908,0.506806282722513,-0.007395118974277803,8.560983768652676
Modern Defense: Standard Defense,B06,154761,0.0007494948896677862,0.07103210757232119,0.04812581981248506,white,0.07103210757232119,0.5088313845187064,0.48058419243986256,-0.028247192078843797,7.196111058766699
Modern Defense: Standard Line,B06,113241,0.0005484169189968388,0.08715041371941258,0.0484630125131357,white,0.08715041371941258,0.499194847020934,0.5175906913073237,0.01839584428638974,7.50847475918958
Modern Defense: Three Pawns Attack,B06,144909,0.000701782457898755,0.05806402638897515,0.05226038410312679,white,0.05806402638897515,0.47084865311022733,0.4920467990009202,0.021198145890692854,7.261887090997104
Modern Defense: Two Knights Variation,B06,158773,0.0007689246781632544,0.08251402946344781,0.0502352415083169,white,0.08251402946344781,0.49106472443309807,0.5069645011516104,0.015899776718512337,7.170517541027928
"Modern Defense: Two Knights Variation, Suttles Variation",B06,40029,0.00019385717938312505,0.06317919508356441,0.05306153039046691,white,0.06317919508356441,0.49362096961261887,0.4970980847359257,0.00347711512330684,8.548388858767732
Modern Defense: Wind Gambit,B06,5167,2.502335921138692e-05,0.061737952390168375,0.06754402941745694,black,0.06754402941745694,0.45569620253164556,0.5012048192771085,0.045508616745462915,10.595700800891077
Montevideo Defense,A40,7442,3.604099850031768e-05,0.10467616232195646,0.04823972050524053,white,0.10467616232195646,0.5460750853242321,0.5549800796812749,0.00890499435704284,10.230853420271695
"Neo-Grünfeld Defense, with 5.Nf3",D73,5268,2.551249396663176e-05,0.07441154138192863,0.05694760820045558,white,0.07441154138192863,0.48435544430538174,0.4570552147239264,-0.027300229581455338,10.57634226631509
Neo-Grünfeld Defense: Classical Variation,D77,7196,3.484964058160253e-05,0.0717065036131184,0.04419121734296832,white,0.0717065036131184,0.5161779575328614,0.4961832061068702,-0.01999475142599122,10.264467734107837
"Neo-Grünfeld Defense: Classical Variation, Modern Defense",D78,12087,5.853635432321148e-05,0.06395300736328287,0.05609332340531149,white,0.06395300736328287,0.4715541165587419,0.5446009389671361,0.07304682240839422,9.745862555318805
"Neo-Grünfeld Defense: Classical Variation, Original Defense",D78,37218,0.0001802437358485385,0.043930356279219734,0.03683701434789618,white,0.043930356279219734,0.48916161938157476,0.48253968253968255,-0.0066219368418922175,8.621200534977088
Neo-Grünfeld Defense: Delayed Exchange Variation,D74,6953,3.367281141799367e-05,0.056522364447001296,0.04185243779663455,white,0.056522364447001296,0.4987441693577323,0.5319148936170213,0.033170724259288964,10.298819829079244
Neo-Grünfeld Defense: Non- or Delayed Fianchetto,D70,17654,8.549688088210272e-05,0.08156791661946301,0.059193383935651975,white,0.08156791661946301,0.5338730293992331,0.48661800486618007,-0.047255024533053025,9.367030663598083
Neo-Grünfeld Defense: Ultra-delayed Exchange Variation,D79,13412,6.49532211618195e-05,0.04145541306292872,0.034521324187294956,white,0.04145541306292872,0.48294203961848864,0.5416666666666666,0.05872462704817799,9.641843221592143
Nimzo-Indian Defense,E20,136888,0.0006629374096629248,0.0701303255215943,0.07081701829232658,black,0.07081701829232658,0.4789817842129846,0.47115493596282443,-0.007826848250160168,7.318829976966455
Nimzo-Indian Defense #2,E20,190922,0.0009246196608005446,0.07901132399618692,0.05824368066540263,white,0.07901132399618692,0.5086206896551724,0.5151039799211187,0.006483290265946295,6.986128082521427
"Nimzo-Indian Defense: 4.e3 e8g8, 5.Nf3, without ...d5",E50,7244,3.508210066330305e-05,0.06667586968525677,0.05590833793484263,white,0.06667586968525677,0.5083798882681564,0.5195652173913043,0.011185329123147958,10.257819510174958
Nimzo-Indian Defense: Classical Variation,E32,75217,0.00036426979094307917,0.0688275256923302,0.056104338115053776,white,0.0688275256923302,0.49425584765058994,0.5279564571994062,0.03370060954881626,7.917615780959121
"Nimzo-Indian Defense: Classical Variation, Berlin Variation",E38,29937,0.0001449824472055913,0.06386745498880983,0.06189664963089154,white,0.06386745498880983,0.4871557203389831,0.4772727272727273,-0.009882993066255785,8.83889787662584
"Nimzo-Indian Defense: Classical Variation, Noa Variation",E34,29939,0.00014499213304232882,0.07739069441197101,0.062259928521326696,white,0.07739069441197101,0.48352918512810633,0.5408626560726447,0.05733347094453839,8.83883107189604
"Nimzo-Indian Defense: Classical Variation, Zurich Variation",E33,5779,2.7987225253068515e-05,0.06489011939781969,0.0770029416854127,black,0.0770029416854127,0.44896331738437,0.4682926829268293,0.019329365542459287,10.483762392860484
"Nimzo-Indian Defense: Classical, Noa Variation, 5.cxd5 exd5",E35,5417,2.6234088803577115e-05,0.06830348901606055,0.056858039505261214,white,0.06830348901606055,0.5212705615428247,0.5483870967741935,0.02711653523136881,10.548450893520362
Nimzo-Indian Defense: Hübner Variation,E41,11052,5.352393381154408e-05,0.06740861382555194,0.05492218602967788,white,0.06740861382555194,0.477979797979798,0.5469387755102041,0.06895897753040608,9.835381643134955
"Nimzo-Indian Defense: Hübner Variation, Rubinstein Variation",E42,5420,2.6248617558683397e-05,0.06826568265682657,0.0503690036900369,white,0.06826568265682657,0.49609713790112747,0.6071428571428571,0.11104571924172962,10.54789723474457
Nimzo-Indian Defense: Kmoch Variation,E20,28064,0.00013591166110090238,0.05572976054732041,0.055444697833523376,white,0.05572976054732041,0.520754359363154,0.4657534246575342,-0.05500093470561973,8.903505434006352
Nimzo-Indian Defense: Leningrad Variation,E30,101903,0.0004935079105318292,0.08200936184410665,0.06549365573143087,white,0.08200936184410665,0.4690626517727052,0.5168976794891761,0.04783502771647091,7.613971669772746
Nimzo-Indian Defense: Normal Line,E40,28949,0.00014019764385725565,0.07803378355038171,0.056754982900963764,white,0.07803378355038171,0.5106732348111659,0.5237704918032787,0.013097256992112838,8.872457389088055
"Nimzo-Indian Defense: Normal Variation, Bishop Attack",E47,8715,4.220603358375015e-05,0.06104417670682731,0.046586345381526104,white,0.06104417670682731,0.4996628455832771,0.4426229508196721,-0.05703989476360499,10.07294737122414
"Nimzo-Indian Defense: Normal Variation, Bishop Attack, Classical Defense",E48,8604,4.16684696448177e-05,0.06857275685727568,0.050674105067410505,white,0.06857275685727568,0.46474358974358976,0.5127118644067796,0.04796827466318987,10.08576583879064
"Nimzo-Indian Defense: Normal Variation, Gligoric System",E53,5621,2.7222044150804314e-05,0.060665362035225046,0.054616616260451875,white,0.060665362035225046,0.4595419847328244,0.4878048780487805,0.02826289331595605,10.511483466176188
"Nimzo-Indian Defense: Normal Variation, Hübner Deferred",E50,6429,3.113512219276302e-05,0.055529631357909476,0.057551718774303935,black,0.057551718774303935,0.4771748492678725,0.4657534246575342,-0.011421424610338293,10.377174045036575
"Nimzo-Indian Defense: Normal Variation, Ragozin Variation",E51,28400,0.00013753888167280598,0.06957746478873239,0.05341549295774648,white,0.06957746478873239,0.4922341696535245,0.5098445595854922,0.01761038993196773,8.891603905028964
"Nimzo-Indian Defense: Normal Variation, Sämisch Deferred",E51,7651,3.7053168439388684e-05,0.07907463076721997,0.053979871912168347,white,0.07907463076721997,0.4409221902017291,0.5223752151462995,0.08145302494457035,10.20315669194641
"Nimzo-Indian Defense: Panov Attack, Main Line",E54,28330,0.00013719987738699274,0.07243205082950935,0.05298270384751147,white,0.07243205082950935,0.4822532631096863,0.5016408813877168,0.019387618278030483,8.8940717363537
Nimzo-Indian Defense: Ragozin Variation,E20,262744,0.001272447743881681,0.08604573272843528,0.05331425265657826,white,0.08604573272843528,0.5140976098468585,0.5302207968422351,0.016123186995376626,6.6668128760946574
Nimzo-Indian Defense: Reshevsky Variation,E46,11210,5.428911491380828e-05,0.044424620874219445,0.043889384478144514,white,0.044424620874219445,0.4742604686899731,0.5132743362831859,0.03901386759321274,9.821186813112057
Nimzo-Indian Defense: Romanishin Variation #2,E20,8638,4.1833128869355566e-05,0.0749015975920352,0.0531373003009956,white,0.0749015975920352,0.5110576923076923,0.5069252077562327,-0.0041324845514595365,10.081821975657615
Nimzo-Indian Defense: Spielmann Variation,E22,19882,9.628690300770171e-05,0.062217080776581835,0.06935921939442712,black,0.06935921939442712,0.4536365908522869,0.4747368421052632,0.021100251252976265,9.248178250406172
Nimzo-Indian Defense: St. Petersburg Variation,E43,12493,6.050257918092835e-05,0.060513887777155204,0.05539101897062355,white,0.060513887777155204,0.4742610428429093,0.5067567567567568,0.03249571391384748,9.712824562746432
Nimzo-Indian Defense: Sämisch Variation,E27,29020,0.00014054149106143768,0.06936595451412819,0.06013094417643005,white,0.06936595451412819,0.520759493670886,0.4846743295019157,-0.03608516416897034,8.870007802740083
"Nimzo-Indian Defense: Sämisch Variation, Accelerated",E24,40283,0.00019508728064879027,0.06417099024402353,0.06809324032470272,black,0.06809324032470272,0.4449696151249156,0.47086763774540846,0.025898022620492844,8.542063506469706
Nimzo-Indian Defense: Three Knights Variation,E21,90244,0.00043704432527044733,0.07910775231594344,0.05790966712468419,white,0.07910775231594344,0.4751586059157947,0.5214413341274569,0.04628272821166218,7.73547593718762
"Nimzo-Indian Defense: Three Knights Variation, Duchamp Variation",E21,40649,0.00019685978877175673,0.0607395015867549,0.048537479396787125,white,0.0607395015867549,0.47424042272126815,0.4865280985373364,0.012287675816068266,8.533018814750898
Nimzo-Larsen Attack,A01,392090,0.0018988598632074122,0.07938228467953787,0.0604478563595093,white,0.07938228467953787,0.4966282609533351,0.5146538084833874,0.018025547530052255,6.2665016449210995
Nimzo-Larsen Attack: Classical Variation,A01,516054,0.0024992073958724726,0.07187619900242997,0.07200409259496099,black,0.07200409259496099,0.4445200011826272,0.4720378610754959,0.0275178598928687,5.991781639027322
Nimzo-Larsen Attack: Dutch Variation,A01,19906,9.640313304855197e-05,0.06626142871496031,0.06369938711946146,white,0.06626142871496031,0.4953590620420127,0.5144781144781144,0.019119052436101736,9.246971856372253
Nimzo-Larsen Attack: English Variation,A01,114840,0.0005561607454684874,0.06808603274120516,0.06371473354231975,white,0.06808603274120516,0.4906169111302847,0.4863833643344303,-0.004233546795854415,7.494453194943262
Nimzo-Larsen Attack: Graz Attack,A00,6421,3.109637884581293e-05,0.0541971655505373,0.07724653480766236,black,0.07724653480766236,,0.49754601226993866,,10.378419181384213
Nimzo-Larsen Attack: Indian Variation,A01,229143,0.0011097208437729502,0.05491767149771103,0.06123686955307384,black,0.06123686955307384,0.44768062065621467,0.48930064770025417,0.0416200270440395,6.803646787383776
Nimzo-Larsen Attack: Modern Variation,A01,67354,0.0003261899238095132,0.07435341627817205,0.10406211954746562,black,0.10406211954746562,0.48205128205128206,0.5113915038367218,0.02934022178543977,8.028030757863549
Nimzo-Larsen Attack: Modern Variation #2,A01,277533,0.001344069663637284,0.08264242450447334,0.07637650297442106,white,0.08264242450447334,0.49965667200732433,0.5147129156493065,0.015056243641982214,6.61205320516101
Nimzo-Larsen Attack: Modern Variation #3,A01,211338,0.0010234926822171645,0.07443999659313517,0.0932960470904428,black,0.0932960470904428,0.46908349026993096,0.4890280355296151,0.019944545259684143,6.884534302651885
Nimzo-Larsen Attack: Modern Variation #4,A01,229837,0.0011130818291208702,0.09780409594625757,0.08489059637917307,white,0.09780409594625757,0.4917804402340485,0.5081546637346528,0.0163742235006043,6.800622688168577
Nimzo-Larsen Attack: Spike Variation,A01,9983,4.8346854075338814e-05,0.10618050686166483,0.08123810477812281,white,0.10618050686166483,0.48592411260709917,0.5501193317422435,0.06419521913514431,9.937109403841836
Nimzo-Larsen Attack: Symmetrical Variation,A01,64808,0.00031385985364264826,0.0732471299839526,0.058881619553141584,white,0.0732471299839526,0.4923010193016699,0.49148232901093314,-0.0008186902907367788,8.066563997667934
Nimzowitsch Defense,B00,437089,0.002116786346883278,0.09993388074282354,0.09309316866816598,white,0.09993388074282354,0.46456571867794005,0.4837181426410571,0.01915242396311706,6.157856214509456
"Nimzowitsch Defense, Declined Variation",B00,266503,0.0012906522740298526,0.10519956623377598,0.09307962762145267,white,0.10519956623377598,0.45414593698175787,0.5177840117945778,0.06363807481281991,6.652607549617938
Nimzowitsch Defense: Breyer Variation,B00,13292,6.437207095756822e-05,0.12142642190791454,0.09411676196208246,white,0.12142642190791454,0.5045045045045045,0.5385164051355207,0.03401190063101622,9.650830699703777
Nimzowitsch Defense: El Columpio Defense,B00,6875,3.3295063785230325e-05,0.10138181818181818,0.08887272727272727,white,0.10138181818181818,0.5443645083932853,0.5049458313707018,-0.039418677022583504,10.31010140664349
Nimzowitsch Defense: Franco-Nimzowitsch Variation,B00,178590,0.0008648967914769867,0.09188644380984377,0.07567612968251301,white,0.09188644380984377,0.4953102453102453,0.504097771387491,0.0087875260772457,7.052900374362716
Nimzowitsch Defense: French Connection,B00,33985,0.0001645865807623349,0.09006914815359718,0.0805061056348389,white,0.09006914815359718,0.4771014492753623,0.4895826025955805,0.012481153320218208,8.712073799397523
Nimzowitsch Defense: Kennedy Variation,B00,73306,0.0003550149739403773,0.12071317491064852,0.10989550650697077,white,0.12071317491064852,0.4648053480141565,0.48183833308704005,0.017032985072883533,7.943350589264675
"Nimzowitsch Defense: Kennedy Variation, Keres Attack",B00,16326,7.90654852883884e-05,0.1209114296214627,0.0946343256155825,white,0.1209114296214627,0.5481313703284258,0.5269552012148823,-0.021176169113543586,9.44523412116696
"Nimzowitsch Defense: Kennedy Variation, Linksspringer Variation",B00,432775,0.0020958939970404443,0.09915082895268904,0.07292704061001676,white,0.09915082895268904,0.42190162032841555,0.567406714855851,0.14550509452743549,6.1677750877333315
"Nimzowitsch Defense: Kennedy Variation, Main Line",B00,8919,4.319398893097735e-05,0.09709608700526964,0.07848413499271219,white,0.09709608700526964,0.5084188911704313,0.5091116173120729,0.0006927261416416197,10.049809217512054
"Nimzowitsch Defense: Kennedy Variation, Paulsen Attack",B00,35684,0.00017281469907085947,0.1374845869297164,0.08028808429548256,white,0.1374845869297164,0.5132951868057893,0.5400598021927471,0.026764615386957735,8.663290641144588
"Nimzowitsch Defense: Kennedy Variation, Riemann Defense",B00,12192,5.904486075193136e-05,0.10736548556430446,0.0750492125984252,white,0.10736548556430446,0.5139462809917356,0.49148418491484186,-0.0224620960768937,9.737213051251834
"Nimzowitsch Defense: Kennedy Variation, de Smet Gambit",B00,42828,0.00020741250789728646,0.07154198188101242,0.11737648267488558,black,0.11737648267488558,0.4847942754919499,0.4731215330307615,-0.011672742461188435,8.4808009559001
Nimzowitsch Defense: Lean Variation,B00,40478,0.00019603164973069863,0.08068580463461633,0.10447650575621326,black,0.10447650575621326,0.48378861373500126,0.4839497557571528,0.00016114202215156137,8.537234433552111
"Nimzowitsch Defense: Lean Variation, Colorado Counter Accepted",B00,52916,0.00025626786840134515,0.08524831808904679,0.11187542520220727,black,0.11187542520220727,0.4798072128967924,0.4881915237787124,0.008384310881919987,8.269287299595991
Nimzowitsch Defense: Mikenas Variation,B00,97517,0.00047226687056644445,0.08922546837987223,0.058430837700093316,white,0.08922546837987223,0.494885745375408,0.5376615873474399,0.042775841972031825,7.657966328416723
Nimzowitsch Defense: Pirc Connection,B00,6270,3.0365098172130054e-05,0.08819776714513557,0.06555023923444976,white,0.08819776714513557,0.5083892617449665,0.4868421052631579,-0.02154715648180855,10.402216695551296
Nimzowitsch Defense: Pseudo-Spanish Variation,B00,50131,0.00024278034074434637,0.0841794498414155,0.08489756837086833,black,0.08489756837086833,0.4449877750611247,0.46377356716347734,0.01878579210235265,8.323353470984825
Nimzowitsch Defense: Scandinavian Variation,B00,15526,7.519115059337979e-05,0.10955816050495942,0.12424320494654129,black,0.12424320494654129,0.5208333333333334,0.4926583052921383,-0.028175028041195094,9.495477012212636
"Nimzowitsch Defense: Scandinavian Variation, Advance Variation",B00,292356,0.001415856242617425,0.08340516356770512,0.06816689241883184,white,0.08340516356770512,0.46700950056654755,0.515503948326395,0.04849444775984746,6.560020812439741
"Nimzowitsch Defense: Scandinavian Variation, Bogoljubov Variation",B00,41864,0.00020274393458980105,0.11824001528759794,0.12304127651442767,black,0.12304127651442767,0.4451219512195122,0.4961876832844575,0.0510657320649453,8.503566781126217
"Nimzowitsch Defense: Scandinavian Variation, Bogoljubov Variation, Heinola-Deppe Gambit",B00,5847,2.8316543702144248e-05,0.14862322558577049,0.11629895672994699,white,0.14862322558577049,0.3782051282051282,0.5307278391390541,0.1525227109339259,10.472064341002591
"Nimzowitsch Defense: Scandinavian Variation, Bogoljubov Variation, Nimzowitsch Gambit",B00,6202,3.0035779723054324e-05,0.13592389551757497,0.07787810383747178,white,0.13592389551757497,0.4971698113207547,0.5336842105263158,0.03651439920556104,10.413121229517868
"Nimzowitsch Defense: Scandinavian Variation, Bogoljubov Variation, Vehre Variation",B00,21328,0.0001032897629689298,0.11304388597149287,0.10272880720180046,white,0.11304388597149287,0.49414715719063546,0.49447674418604654,0.0003295869954110797,9.177972286759772
"Nimzowitsch Defense: Scandinavian Variation, Exchange Variation",B00,128504,0.0006223343820592345,0.11107047251447426,0.1074207806760879,white,0.11107047251447426,0.446109785202864,0.5064288415479642,0.06031905634510021,7.3820330179406595
"Nimzowitsch Defense: Scandinavian Variation, Exchange Variation, Marshall Gambit",B00,25782,0.00012486012138339028,0.13385307578931038,0.12667752695679155,white,0.13385307578931038,0.3862559241706161,0.49842236970949844,0.11216644553888233,8.988316476175212
Nimzowitsch Defense: Williams Variation,B00,142261,0.0006889584100582765,0.08341007022304076,0.06133796332093828,white,0.08341007022304076,0.4700943396226415,0.5208078335373317,0.05071349391469021,7.280329651532641
Nimzowitsch-Larsen Attack,A06,120177,0.0005820074008025636,0.06809123209932016,0.06164241077743662,white,0.06809123209932016,0.4884526558891455,0.5005534312738982,0.012100775384752682,7.449027394158079
Nimzowitsch-Larsen Attack: Polish Variation,A01,5483,2.6553721415915326e-05,0.09265000911909539,0.06073317526901331,white,0.09265000911909539,0.5028089887640449,0.5609452736318408,0.05813628486779587,10.536340653774213
Old Benoni Defense,A43,789699,0.003824447792892015,0.0727416395360764,0.07975823699916045,black,0.07975823699916045,0.46357607981360893,0.48794053735123544,0.024364457537626505,5.5663411899970505
Old Benoni Defense #2,A43,135346,0.0006554696295382957,0.09462414847871381,0.06226264536816751,white,0.09462414847871381,0.5021032504780115,0.5464866156787763,0.0443833652007648,7.3301585875832265
Old Benoni Defense: Mujannah Formation,A43,6861,3.322726292806768e-05,0.07360443084098528,0.055677015012388864,white,0.07360443084098528,0.4851680949241925,0.5481049562682215,0.06293686134402904,10.312139846487371
Old Indian Defense,A41,418374,0.00202615112961192,0.061356585256253975,0.056949045590787194,white,0.061356585256253975,0.4840638851755435,0.5105639535611858,0.026500068385642284,6.20161728086767
Old Indian Defense: Janowski Variation,A53,6819,3.302386035657972e-05,0.06716527350051327,0.058806276580143715,white,0.06716527350051327,0.47752808988764045,0.4946236559139785,0.01709556602633805,10.318280216657609
"Old Indian Defense: Janowski Variation, Fianchetto Variation #2",A53,9100,4.407055715572305e-05,0.06054945054945055,0.05747252747252747,white,0.06054945054945055,0.45492227979274613,0.5401588702559577,0.08523659046321153,10.029718636673321
Old Indian Defense: Normal Variation,A55,13449,6.513240914146365e-05,0.03516990110788906,0.031229087664510373,white,0.03516990110788906,0.49714959701199135,0.47435897435897434,-0.022790622653017012,9.639088296354712
Old Indian Defense: Tartakower-Indian,A54,9476,4.58914944623771e-05,0.05360911777121148,0.05413676656817223,black,0.05413676656817223,0.4370651486401012,0.4444444444444444,0.007379295804343211,9.989230763899586
Old Indian Defense: Two Knights Variation,A54,15203,7.362688796027005e-05,0.0786029073209235,0.050384792475169374,white,0.0786029073209235,0.530658838878017,0.5490887713109935,0.018429932432976526,9.516500273397426
Old Indian Defense: Ukrainian Variation,A54,23576,0.00011417664346190401,0.05671021377672209,0.06489650492025789,black,0.06489650492025789,0.5121341005754316,0.4316432174143881,-0.08049088316104352,9.077763804760732
Old Indian: Czech Variation,A53,20845,0.00010095063339681834,0.039769728951787,0.045046773806668265,black,0.045046773806668265,0.44892874937717986,0.43736878936319107,-0.01155996001398879,9.200878938863365
"Old Indian: Czech Variation, with Nc3",A53,28748,0.00013922421726513475,0.044455266453318494,0.046542368164741894,black,0.046542368164741894,0.4428538968416269,0.4637096774193548,0.02085578057772791,8.879424850589928
Owen Defense,B00,2271385,0.011000132139027691,0.09202402939175877,0.06864974453912481,white,0.09202402939175877,0.5037526361493612,0.4964673316541222,-0.007285304495238953,4.509847993617036
Owen Defense: Smith Gambit,B00,69741,0.00033774996995574515,0.10245049540442494,0.08938787800576418,white,0.10245049540442494,0.5205091937765205,0.4852797816338468,-0.03522941214267372,7.993204670078092
Paleface Attack,A45,54267,0.00026281065111754095,0.07101921978366227,0.06919490666519247,white,0.07101921978366227,0.45628505443747935,0.4655997529974785,0.009314698559999168,8.244076742808517
Petrov's Defense,C42,371005,0.0017967469294020912,0.09035996819449872,0.10054311936496813,black,0.10054311936496813,0.4760469543147208,0.4732733527388198,-0.002773601575901008,6.321777510590556
Petrov's Defense #2,C42,284857,0.001379539197770088,0.122745798769207,0.13316857230118972,black,0.13316857230118972,0.4244264507422402,0.4822246787109622,0.05779822796872197,6.5860057502342935
Petrov's Defense #3,C42,11332,5.487995095479709e-05,0.08198023296858455,0.24417578538651605,black,0.24417578538651605,,0.6012866137421298,,9.810362468227854
Petrov's Defense #4,C42,23138,0.0001120554452163868,0.11370905004754084,0.08228887544299421,white,0.11370905004754084,,0.5607215202083534,,9.096516762589427
Petrov's Defense #5,C42,35310,0.00017100344760094294,0.10116114415179836,0.08077032002265647,white,0.10116114415179836,0.49221949221949224,0.5256905256905257,0.03347103347103342,8.67382684025583
Petrov: Modern Attack,C43,104060,0.0005039540854532462,0.14802998270228715,0.11426100326734576,white,0.14802998270228715,0.537380550871276,0.48509092972451556,-0.052289621146760445,7.593025394333967
Philidor Defense,C41,706343,0.003420761489345592,0.10956150198982648,0.06842143264674527,white,0.10956150198982648,0.5245345016429354,0.5310313286073634,0.006496826964427993,5.677892094988781
Philidor Defense #2,C41,1542835,0.007471823961467029,0.07870835183282723,0.06585409327633869,white,0.07870835183282723,0.5029946198355497,0.49673429264115215,-0.006260327194397564,4.896616138093967
Philidor Defense #3,C41,2084767,0.010096356398886293,0.10145882009836112,0.07000782341623789,white,0.10145882009836112,0.5134715375784996,0.5181597931718527,0.004688255593353063,4.595580672807307
Philidor Defense #4,C41,310133,0.0015019488024588853,0.06327930275075531,0.061483299100708405,white,0.06327930275075531,0.48901192504258945,0.47100034455036177,-0.018011580492227675,6.500991812466892
Philidor Defense: Bird Gambit,C41,28425,0.000137659954632025,0.12802110817941953,0.055549692172383466,white,0.12802110817941953,0.5126973232669869,0.532399299474606,0.019701976207619043,8.890724010559525
Philidor Defense: Exchange Variation,C41,275769,0.00133552675563479,0.07786952122972488,0.07174120368859443,white,0.07786952122972488,0.4878156519178385,0.48884729967153007,0.001031647753691578,6.618429491444375
Philidor Defense: Exchange Variation #2,C41,439223,0.0021271211346822138,0.08596999701746037,0.0658276092099002,white,0.08596999701746037,0.5289147851420247,0.5093854924848458,-0.019529292657178954,6.152985793430244
Philidor Defense: Exchange Variation #3,C41,142153,0.0006884353748744503,0.09724029742601281,0.07319578200952495,white,0.09724029742601281,0.5059377100604974,0.4848998708010336,-0.021037839259463786,7.2810891078547
Philidor Defense: Hanham Variation,C41,84815,0.0004107521214464451,0.07557625420031834,0.06396274243942698,white,0.07557625420031834,0.4861051115910727,0.48956884561891517,0.0034637340278424467,7.797520636248438
"Philidor Defense: Hanham Variation, Schlechter Variation",C41,5936,2.8747563436963956e-05,0.060141509433962265,0.058793800539083556,white,0.060141509433962265,0.46490701859628075,0.5238095238095238,0.058902505213243084,10.456957544331045
Philidor Defense: Larsen Variation,C41,28933,0.0001401201571633555,0.09276604569177065,0.06795009159091694,white,0.09276604569177065,0.5217391304347826,0.4810895551636292,-0.04064957527115337,8.873010238001621
Philidor Defense: Lion Variation,C41,77232,0.00037402827145613214,0.05682877563704164,0.06055779987569919,black,0.06055779987569919,0.47199164102861785,0.4885654885654886,0.016573847536870745,7.8911791712779875
Philidor Defense: Lopez Countergambit,C41,73523,0.00035606588722639844,0.12888483875793968,0.08984943487072072,white,0.12888483875793968,0.4970622796709753,0.5236986881083369,0.026636408437361536,7.940394767758135
Philidor Defense: Morphy Gambit,C41,59533,0.00028831345924743517,0.12828179329111586,0.06220079619706717,white,0.12828179329111586,0.49286005711954306,0.5255428839243869,0.0326828268048438,8.151462269541653
Philidor Defense: Nimzowitsch Variation,C41,60306,0.00029205703514648726,0.14210857957748815,0.08106987696083308,white,0.14210857957748815,0.48890784982935154,0.5614853448909131,0.07257749506156153,8.138561448925467
Philidor Defense: Nimzowitsch Variation #2,C41,31020,0.0001502273277989592,0.10976789168278529,0.08684719535783365,white,0.10976789168278529,0.5149501661129569,0.5098943529790315,-0.005055813133925335,8.803360892447731
"Philidor Defense: Nimzowitsch Variation, Klein Variation",C41,30671,0.0001485371492882617,0.15144599132731246,0.08539010791953311,white,0.15144599132731246,0.5012106537530266,0.5509634180396538,0.049752764286627116,8.814675467449886
Philidor Defense: Philidor Countergambit,C41,34373,0.0001664656330894141,0.1246327059028889,0.10013673522823147,white,0.1246327059028889,0.49742268041237114,0.5107200820022209,0.013297401589849711,8.7007216777202
"Philidor Defense: Philidor Countergambit, Zukertort Variation",C41,14072,6.814954728520161e-05,0.15058271745309834,0.07511370096645821,white,0.15058271745309834,0.5442708333333334,0.5364356435643565,-0.007835189768976902,9.593806042760868
Philidor Defense: Steinitz Variation,C41,46296,0.00022420774880014882,0.05965958182132366,0.04907551408329013,white,0.05965958182132366,0.48920532843362424,0.49956509133082055,0.010359762897196312,8.402937485924587
Pirc Defense,B07,282157,0.001366463318174434,0.049862310699362415,0.0700638297118271,black,0.0700638297118271,0.484113815903519,0.5165166268601874,0.032402810956668415,6.595529396590233
Pirc Defense #2,B07,189561,0.0009180284489006612,0.07574342823682087,0.05518012671382826,white,0.07574342823682087,0.4685279488394126,0.5241386251551649,0.05561067631575223,6.9932821777361
Pirc Defense #3,B07,168852,0.0008177364524019942,0.06890057565205032,0.05761850614739535,white,0.06890057565205032,0.5017924332651913,0.47442069452468066,-0.02737173874051063,7.1089704586020055
Pirc Defense #4,B07,1154981,0.005593478700469688,0.07772768556365862,0.0604789169691969,white,0.07772768556365862,0.48764037794674386,0.4987958043667369,0.011155426419993009,5.1861538775919875
Pirc Defense #5,B07,455752,0.0022071697323994607,0.07085871263318647,0.05435412241745511,white,0.07085871263318647,0.4939429373246024,0.5198637164882002,0.02592077916359775,6.116044248276164
Pirc Defense: Austrian Attack,B09,40714,0.00019717457846572616,0.0840251510536916,0.055853023529989686,white,0.0840251510536916,0.5210059171597633,0.5297321833862915,0.008726266226528168,8.53142103655127
Pirc Defense: Austrian Attack #2,B09,21867,0.00010590009596969186,0.06411487629761742,0.062880139022271,white,0.06411487629761742,0.48687031082529475,0.4879518072289157,0.0010814964036209296,9.153014399127938
"Pirc Defense: Austrian Attack, Dragon Formation",B09,14867,7.199966738836644e-05,0.07432568776484832,0.08085020515235085,black,0.08085020515235085,0.4666666666666667,0.4065040650406504,-0.06016260162601628,9.53884905856491
"Pirc Defense: Austrian Attack, Kurajica Variation",B09,7987,3.8680389011292304e-05,0.05734318267184174,0.0686114936772255,black,0.0686114936772255,0.44505160898603524,0.41365461847389556,-0.03139699051213968,10.160177830260873
"Pirc Defense: Austrian Attack, Ljubojevic Variation",B09,5310,2.571589653811971e-05,0.07005649717514124,0.05725047080979284,white,0.07005649717514124,0.47794779477947796,0.5609756097560976,0.08302781497661965,10.568401214942277
"Pirc Defense: Austrian Attack, Unzicker Attack",B09,14411,6.979129661221151e-05,0.07542849212407189,0.05308444937894664,white,0.07542849212407189,0.5314285714285715,0.5159235668789809,-0.015505004549590584,9.570001246339901
"Pirc Defense: Austrian Attack, Weiss Variation",B09,31388,0.0001520095217586632,0.05533962023703326,0.05693258570154199,black,0.05693258570154199,0.44640936790536506,0.4627906976744186,0.016381329769053543,8.791567395930898
Pirc Defense: Bayonet Attack,B07,6416,3.1072164253969126e-05,0.09226932668329177,0.049096009975062346,white,0.09226932668329177,0.531055900621118,0.7446808510638298,0.2136249504427118,10.379198179631912
Pirc Defense: Byrne Variation,B07,86063,0.0004167960835706585,0.09982222325505734,0.059746929574846334,white,0.09982222325505734,0.5384558931454572,0.5097325128720331,-0.028723380273424026,7.782913463992828
Pirc Defense: Classical Variation,B08,364165,0.0017636213677597675,0.07559759998901597,0.05881125314074664,white,0.07559759998901597,0.49440989887569875,0.4842402095743438,-0.010169689301354923,6.340385988564001
Pirc Defense: Classical Variation #2,B07,15118,7.321523989892539e-05,0.10087313136658288,0.05410768620187856,white,0.10087313136658288,0.5199652777777778,0.5229188619599578,0.002953584182180058,9.52210696332614
"Pirc Defense: Classical Variation, Quiet System",B08,28058,0.0001358826035906898,0.0698552997362606,0.04590491125525697,white,0.0698552997362606,0.4914021164021164,0.5112676056338028,0.019865489231686406,8.903719253899544
"Pirc Defense: Classical Variation, Quiet System, Chigorin Line",B08,6619,3.2055276682827566e-05,0.03792113612328146,0.03444629098051065,white,0.03792113612328146,0.4818624796968056,0.47368421052631576,-0.00817826917048986,10.34804874905934
"Pirc Defense: Classical Variation, Quiet System, Czech Defense",B08,6841,3.313040456069246e-05,0.049700336208156705,0.038006139453296305,white,0.049700336208156705,0.49143173023770037,0.5311004784688995,0.03966874823119915,10.315059130417264
"Pirc Defense: Classical Variation, Schlechter Variation",B08,47163,0.0002284065590258644,0.059877446303246186,0.04410236838199436,white,0.059877446303246186,0.49930651872399445,0.4904522613065327,-0.008854257417461764,8.384383363318639
Pirc Defense: Kholmov System,B07,37601,0.00018209857358377388,0.0820190952368288,0.05725911544905721,white,0.0820190952368288,0.5223057644110276,0.4972895863052782,-0.02501617810574941,8.610962404409255
Pirc Defense: Roscher Gambit,B07,32990,0.00015976787698541794,0.07723552591694453,0.08820854804486208,black,0.08820854804486208,0.5,0.4959954233409611,-0.0040045766590389165,8.741788564955634
Pirc Defense: Sveshnikov System,B07,7611,3.685945170463825e-05,0.04440940743660492,0.043358297201419,white,0.04440940743660492,0.4914456800684346,0.5,0.008554319931565413,10.208398480910871
Polish Defense,A40,84946,0.00041138654375275275,0.09016316247969298,0.07583641372165846,white,0.09016316247969298,0.4820246825254874,0.5323095707711092,0.05028488824562177,7.795977289708272
Polish Opening,A00,610468,0.0029564466907406523,0.10564681523028234,0.06495835981574792,white,0.10564681523028234,0.484377923292797,0.5167864832317629,0.03240855993896591,5.823767174071551
Polish Opening: Baltic Defense,A00,16583,8.031011530915992e-05,0.10293674244708437,0.0638002773925104,white,0.10293674244708437,0.49056603773584906,0.48508430609597925,-0.0054817316398698135,9.429614975964164
Polish Opening: Birmingham Gambit,A00,16451,7.96708500844835e-05,0.10400583551151905,0.08005592365205763,white,0.10400583551151905,0.47885939036381514,0.4980392156862745,0.019179825322459376,9.437606784558842
Polish Opening: Bugayev Advance Variation,A00,11926,5.7756644465841e-05,0.07060204595002516,0.048633238302867685,white,0.07060204595002516,0.47876447876447875,0.5330739299610895,0.054309451196610736,9.759272159495211
Polish Opening: Bugayev Attack,A00,42152,0.00020413869508000416,0.07582083886885557,0.07079142152211046,white,0.07582083886885557,0.49704679691049525,0.4939614492521795,-0.0030853476583157513,8.49671091728914
Polish Opening: Czech Defense,A00,108131,0.0005236696061324713,0.057864997086866855,0.0520294827570262,white,0.057864997086866855,0.4939037907337619,0.48268322546790277,-0.011220565265859128,7.5546495951541885
Polish Opening: Dutch Defense,A00,10460,5.06569261372377e-05,0.07734225621414914,0.057265774378585085,white,0.07734225621414914,0.5077452667814114,0.4878246753246753,-0.01992059145673608,9.890434591559348
Polish Opening: Grigorian Variation,A00,8806,4.264673915530738e-05,0.09152850329320918,0.07642516466045877,white,0.09152850329320918,0.5095238095238095,0.49954254345837146,-0.009981266065438033,10.062559742862563
Polish Opening: King's Indian Variation,A00,48908,0.00023685745157935197,0.04815163163490636,0.053161037049153516,black,0.053161037049153516,0.4600326264274062,0.5071817731550272,0.047149146727620994,8.348052067914182
"Polish Opening: King's Indian Variation, Schiffler Attack",A00,5656,2.739154629371094e-05,0.0594059405940594,0.07637906647807638,black,0.07637906647807638,0.5021459227467812,0.49050632911392406,-0.011639593632857104,10.505276121601852
Polish Opening: Outflank Variation,A00,28255,0.00013683665850933567,0.06926207750840559,0.05683949743408246,white,0.06926207750840559,0.453411306042885,0.4927536231884058,0.03934231714552083,8.896722617114317
Polish Opening: Schiffler-Sokolsky Variation,A00,22308,0.00010803582297031535,0.06105433028509952,0.04106150259996414,white,0.06105433028509952,0.4901543374135178,0.5065616797900262,0.01640734237650837,9.133047691668818
Polish Opening: Symmetrical Variation,A00,10592,5.1296191361914126e-05,0.10885574018126888,0.055891238670694864,white,0.10885574018126888,0.5543478260869565,0.5483738163853438,-0.00597400970161277,9.877894051001473
Ponziani Opening,C44,250031,0.0012108797226596253,0.09542816690730349,0.06920341877607177,white,0.09542816690730349,0.4969939879759519,0.5065067619290635,0.00951277395311162,6.716408140021243
Ponziani Opening: Jaenisch Counterattack,C44,252962,0.001225074316398463,0.08958262505830915,0.08986725278895645,black,0.08986725278895645,0.4479644707623982,0.49222266537519227,0.044258194612794066,6.704753770377856
Ponziani Opening: Ponziani Countergambit,C44,9032,4.374123870664732e-05,0.09178476527900797,0.10385296722763508,black,0.10385296722763508,0.5089108910891089,0.4852728150651859,-0.023638076023923038,10.037219223348764
Ponziani Opening: Romanishin Variation,C44,5080,2.4602025313304735e-05,0.0673228346456693,0.04547244094488189,white,0.0673228346456693,0.4823008849557522,0.5206611570247934,0.038360272069041246,10.612681788605734
Portuguese Opening,C20,67129,0.00032510026717654205,0.08666895082602154,0.11032489684041175,black,0.11032489684041175,0.4851063829787234,0.5195621877018254,0.034455804723102,8.031376908825955
"Pterodactyl Defense: Eastern, Anhanguera",B06,11429,5.534971403656689e-05,0.07148481931927553,0.07419721760433984,black,0.07419721760433984,0.4746125066809193,0.47058823529411764,-0.00402427138680167,9.801839065280664
"Pterodactyl Defense: Eastern, Benoni",B06,10529,5.099108750468219e-05,0.06534333744895052,0.04910247886788869,white,0.06534333744895052,0.5087918321043675,0.5314285714285715,0.02263673932420396,9.883859695321503
"Pterodactyl Defense: Queen Pterodactyl, Quiet Line",A40,15708,7.607256173649425e-05,0.048382989559460146,0.0558314234784823,black,0.0558314234784823,0.4479131319986427,0.49271137026239065,0.04479823826374796,9.483822913480362
"Pterodactyl Defense: Sicilian, Rhamporhynchus",B06,5055,2.4480952354085715e-05,0.0884272997032641,0.0963402571711177,black,0.0963402571711177,0.42917547568710357,0.4954268292682927,0.06625135358118911,10.61761519772369
"Pterodactyl Defense: Western, Rhamphorhynchus",B06,16422,7.953040545178944e-05,0.07057605650956035,0.06789672390695409,white,0.07057605650956035,0.5079006772009029,0.46174142480211083,-0.046159252398792094,9.439371150909528
Queen's Gambit,D06,127030,0.0006151959203836812,0.11926316618121703,0.07417932771786193,white,0.11926316618121703,0.5194594594594595,0.5662768269160339,0.04681736745657439,7.393569771160755
Queen's Gambit Accepted,D20,687899,0.0033314387029521678,0.11366784949534743,0.07008877756763711,white,0.11366784949534743,0.4593400709457198,0.541525704634779,0.08218563368905918,5.704351025364879
Queen's Gambit Accepted: Accelerated Mannheim Variation,D20,70910,0.0003434113415288265,0.09019884360456917,0.10731913693414187,black,0.10731913693414187,0.44244604316546765,0.4794908062234795,0.037044763058011854,7.976581582880219
Queen's Gambit Accepted: Alekhine Defense,D22,5081,2.4606868231673495e-05,0.08600669159614249,0.06652233812241684,white,0.08600669159614249,0.43462578899909826,0.5175097276264592,0.08288393862736093,10.61248495758453
"Queen's Gambit Accepted: Central Variation, Alekhine System",D20,76570,0.0003708222594960125,0.13127856863001175,0.08828522920203735,white,0.13127856863001175,0.47304785894206547,0.5415529475982532,0.06850508865618776,7.899787695071093
"Queen's Gambit Accepted: Central Variation, Greco Variation",D20,85579,0.0004144521110801783,0.11700300307318384,0.0789446008950794,white,0.11700300307318384,0.4774494556765163,0.5269151423463072,0.0494656866697909,7.788553124248848
"Queen's Gambit Accepted: Central Variation, McDonnell Defense",D20,62250,0.0003014716684553582,0.11726907630522089,0.09002409638554217,white,0.11726907630522089,0.49393001666269937,0.5225507246376812,0.028620707974981785,8.106834514851307
"Queen's Gambit Accepted: Central Variation, McDonnell Defense, Somov Gambit",D20,5962,2.8873479314551736e-05,0.13284132841328414,0.11606843341160684,white,0.13284132841328414,,0.5011125945705385,,10.452587054940246
"Queen's Gambit Accepted: Central Variation, Modern Defense",D20,70770,0.0003427333329572,0.1413875936131129,0.1086194715274834,white,0.1413875936131129,0.5136268343815513,0.5319231767453932,0.018296342363841922,7.978557868108432
"Queen's Gambit Accepted: Central Variation, Rubinstein Defense",D20,14462,7.003828544901831e-05,0.12598534089337574,0.07267321255704605,white,0.12598534089337574,0.48148148148148145,0.5239275973220927,0.042446115840611254,9.566468530443364
Queen's Gambit Accepted: Classical Defense,D26,5330,2.5812754905494926e-05,0.07054409005628517,0.061350844277673545,white,0.07054409005628517,0.4921383647798742,0.5033860045146726,0.01124763973479842,10.56464181201837
Queen's Gambit Accepted: Deferred Variation,D25,20653,0.00010002079307001627,0.11179973853677432,0.07829371035684889,white,0.11179973853677432,0.47385409941898,0.537328094302554,0.06347399488357403,9.210132462890613
Queen's Gambit Accepted: Gunsberg Defense,D21,24025,0.0001163511138094776,0.1137981269510926,0.07167533818938605,white,0.1137981269510926,0.5039796243234639,0.5252452739889926,0.021265649665528685,9.058898095339769
Queen's Gambit Accepted: Janowski-Larsen Variation,D25,16742,8.108013932979289e-05,0.09682236291960339,0.07119818420738264,white,0.09682236291960339,0.47105612019443216,0.547486033519553,0.07642991332512089,9.42007251795826
Queen's Gambit Accepted: Mannheim Variation,D23,5877,2.8461831253207073e-05,0.09409562702058874,0.0794623107027395,white,0.09409562702058874,0.5289855072463768,0.506145251396648,-0.02284025584972882,10.466946622565612
Queen's Gambit Accepted: Normal Variation,D21,104612,0.0005066273763928022,0.13522349252475815,0.07432225748480098,white,0.13522349252475815,0.5337711069418386,0.5564332734889288,0.02266216654709019,7.587734782392108
"Queen's Gambit Accepted: Normal Variation, Traditional System",D26,39987,0.00019365377681163708,0.08980418636056718,0.054692775151924375,white,0.08980418636056718,0.4961754207037226,0.5414492753623188,0.04527385465859618,8.549438648906134
Queen's Gambit Accepted: Old Variation,D20,752307,0.003643361389247312,0.13127087744763774,0.08311500491155871,white,0.13127087744763774,0.497619452474069,0.5520603119560806,0.054440859482011605,5.61484856487462
Queen's Gambit Accepted: Rosenthal Variation,D21,88088,0.0004266029932673991,0.10835755153936973,0.061177458904731634,white,0.10835755153936973,0.48879248011569054,0.5475460122699386,0.058753532154248056,7.7596567353848345
Queen's Gambit Accepted: Saduleto Variation,D20,156149,0.0007562168603636261,0.13499285938430602,0.06575770578101685,white,0.13499285938430602,0.5518606492478226,0.5585994365984157,0.006738787350593078,7.187182370586167
Queen's Gambit Accepted: Showalter Variation,D24,50016,0.0002422234051319389,0.11186420345489444,0.06603886756238003,white,0.11186420345489444,0.47993905535804976,0.5457862418795052,0.06584718652145544,8.325650095957059
Queen's Gambit Accepted: Slav Gambit,D21,16967,8.216979596276406e-05,0.13879884481640833,0.06895738787057229,white,0.13879884481640833,0.5763888888888888,0.5551174634466897,-0.021271425442199177,9.406722769135323
Queen's Gambit Accepted: Winawer Defense,D25,7039,3.408930239770709e-05,0.11535729507032248,0.09887768148884785,white,0.11535729507032248,0.4186991869918699,0.5292349726775957,0.11053578568572575,10.28652693557013
Queen's Gambit Declined,D30,1039376,0.005033613122449099,0.07565500838964917,0.06519199981527378,white,0.07565500838964917,0.49806212436106273,0.5108361009430075,0.012773976581944735,5.291617238132739
Queen's Gambit Declined: 4.Bg5 Be7,D53,191953,0.0009296127096387369,0.06802706912629654,0.05143446572858981,white,0.06802706912629654,0.49779791919320865,0.512722980062959,0.014925060869750373,6.98074249980138
"Queen's Gambit Declined: 4.Bg5 Be7, 5.e3 O-O",D53,25674,0.00012433708619956411,0.06609799797460465,0.05406247565630599,white,0.06609799797460465,0.5116748342461804,0.49685094471658503,-0.014823889529595402,8.99251424353339
Queen's Gambit Declined: Alapin Variation,D31,10457,5.064239738213142e-05,0.09620350004781486,0.06206368939466386,white,0.09620350004781486,0.5486381322957199,0.5357766143106457,-0.012861517985074178,9.890721439579673
Queen's Gambit Declined: Alekhine Variation,D51,5276,2.5551237313581844e-05,0.07221379833206976,0.06387414708112206,white,0.07221379833206976,0.49039881831610044,0.5245398773006135,0.03414105898451303,10.574824815341056
Queen's Gambit Declined: Anti-Tartakower Variation,D55,6255,3.0292454396598643e-05,0.06906474820143885,0.02973621103117506,white,0.06906474820143885,0.5074758135444152,0.42955326460481097,-0.07792254893960421,10.40461190627725
Queen's Gambit Declined: Barmen Variation,D37,29289,0.00014184423610263432,0.06435863293386596,0.0510771962170098,white,0.06435863293386596,0.5002157031924073,0.5186915887850467,0.018475885592639463,8.86078103128448
Queen's Gambit Declined: Been-Koomen Variation,D50,11411,5.5262541505929195e-05,0.09964069757251774,0.11147138725790903,black,0.11147138725790903,0.46779661016949153,0.4772135416666667,0.009416931497175152,9.803415247743581
Queen's Gambit Declined: Cambridge Springs Defense: Capablanca Variation,D52,7449,3.607489892889901e-05,0.052490267149953015,0.03302456705598067,white,0.052490267149953015,0.49583537481626655,0.4444444444444444,-0.05139093037182213,10.229913255001986
Queen's Gambit Declined: Cambridge Springs Variation,D52,13651,6.611067865195333e-05,0.05779796351915611,0.1302468683612922,black,0.1302468683612922,0.4950237992211164,0.54375,0.048726200778883566,9.624180271175284
Queen's Gambit Declined: Capablanca,D30,10331,5.003218966766756e-05,0.0994095440906011,0.06572451843964766,white,0.0994095440906011,0.4903047091412742,0.5341212352268395,0.0438165260855653,9.902843966328817
Queen's Gambit Declined: Charousek (Petrosian) Variation,D31,23076,0.00011175518427752364,0.05663893222395563,0.05369214768590744,white,0.05663893222395563,0.4769585253456221,0.5313496280552603,0.054391102709638206,9.099199933801481
Queen's Gambit Declined: Exchange Variation,D35,148872,0.000720974943394154,0.08487828470095116,0.06519694771347198,white,0.08487828470095116,0.4939316512296391,0.49105068998497065,-0.0028809612446684674,7.2349061738571985
"Queen's Gambit Declined: Exchange Variation, Positional Variation",D35,49085,0.0002377146481306226,0.045431394519710705,0.045227666293164916,white,0.045431394519710705,0.5024367237855684,0.4820099255583127,-0.020426798227255683,8.34443956105164
"Queen's Gambit Declined: Exchange Variation, Positional Variation #2",D35,158032,0.0007653360756520027,0.06395540143768351,0.051065606965677836,white,0.06395540143768351,0.5227113673476189,0.49789969995713673,-0.024811667390482184,7.175195506030353
"Queen's Gambit Declined: Exchange Variation, Reshevsky Variation",D36,14971,7.250333089871756e-05,0.04448600627880569,0.03159441587068332,white,0.04448600627880569,0.5331066571224051,0.49295774647887325,-0.04014891064353188,9.531878053728425
Queen's Gambit Declined: Harrwitz Attack,D35,167925,0.000813247067074153,0.0756111359237755,0.06014589846657734,white,0.0756111359237755,0.5019234530873052,0.5126385809312639,0.010715127843958672,7.114475599043197
"Queen's Gambit Declined: Harrwitz Attack, Fianchetto Defense",D37,12379,5.9950486486889625e-05,0.06777607238064463,0.04863074561757816,white,0.06777607238064463,0.48414376321353064,0.4779874213836478,-0.006156341829882839,9.721991561646451
"Queen's Gambit Declined: Harrwitz Attack, Orthodox Defense",D37,26468,0.0001281823633843602,0.05961916276258123,0.02954511107752758,white,0.05961916276258123,0.5282370624865793,0.5166908563134979,-0.011546206173081441,8.962056594046311
"Queen's Gambit Declined: Harrwitz Attack, Two Knights Defense",D37,8342,4.0399625032202384e-05,0.0637736753776073,0.053344521697434664,white,0.0637736753776073,0.48850252383623105,0.47844827586206895,-0.0100542479741621,10.11669005442137
Queen's Gambit Declined: Janowski Variation,D31,23918,0.0001158329215440202,0.07049084371602977,0.05393427544109039,white,0.07049084371602977,0.46619446233097234,0.5149875104079933,0.04879304807702095,9.06336173664951
Queen's Gambit Declined: Lasker Defense,D56,10290,4.9833630014548366e-05,0.047619047619047616,0.04956268221574344,black,0.04956268221574344,0.4160756501182033,0.46132971506105835,0.045254064942855055,9.906820500350166
Queen's Gambit Declined: Modern Variation,D50,166535,0.0008065154105415756,0.09094184405680487,0.06146455700003002,white,0.09094184405680487,0.4986939239068711,0.5379111321948135,0.03921720828794234,7.1227875526564866
"Queen's Gambit Declined: Modern Variation, Heral Variation",D53,21505,0.00010414695952020045,0.09276912345966054,0.05287142524994187,white,0.09276912345966054,0.521087160262418,0.503385240352065,-0.01770191991035297,9.169707583960426
"Queen's Gambit Declined: Modern Variation, Normal Line",D55,104790,0.0005074894158624416,0.057438686897604736,0.04435537742150968,white,0.057438686897604736,0.5003945885005637,0.5073984396018294,0.007003851101265668,7.5860347027092745
"Queen's Gambit Declined: Modern, Knight Defense",D51,9293,4.5005240400893874e-05,0.05531044872484666,0.05821586140105456,black,0.05821586140105456,0.44324324324324327,0.4418604651162791,-0.0013827781269641903,10.008731621620923
"Queen's Gambit Declined: Modern, Knight Defense #2",D51,20901,0.00010122183682546894,0.07272379311994641,0.07186259030668389,white,0.07272379311994641,0.47577639751552797,0.48768988999476165,0.011913492479233678,9.198196045480033
"Queen's Gambit Declined: Modern, Knight Defense #3",D51,8426,4.0806430175178284e-05,0.07275100878234038,0.04877759316401614,white,0.07275100878234038,0.4791418355184744,0.5521367521367522,0.07299491661827778,10.1066708866393
"Queen's Gambit Declined: Neo-Orthodox Variation, Main Line",D55,33199,0.00016078004692448894,0.06186933341365704,0.04060363263953733,white,0.06186933341365704,0.48662492885600456,0.5086928525434643,0.022067923687459745,8.73547329520924
Queen's Gambit Declined: Normal Defense,D35,307157,0.0014875362773934533,0.07388729542221079,0.06685180542849423,white,0.07388729542221079,0.479108635097493,0.5008338892595063,0.02172525416201332,6.51063403267821
Queen's Gambit Declined: Orthodox Defense,D60,26337,0.00012754794107805253,0.04841098074951589,0.0413866423662528,white,0.04841098074951589,0.477763182585851,0.4831858407079646,0.005422658122113622,8.967018255583943
"Queen's Gambit Declined: Orthodox Defense, Botvinnik Variation",D60,19090,9.245131165964319e-05,0.05542168674698795,0.045416448402304875,white,0.05542168674698795,0.4679351656095842,0.487551867219917,0.0196167016103328,9.288828412458468
"Queen's Gambit Declined: Orthodox Defense, Rubinstein Variation",D61,5896,2.8553846702213525e-05,0.06445047489823609,0.03934871099050204,white,0.06445047489823609,0.5265986029016658,0.5135135135135135,-0.013085089388152338,10.46371889530909
Queen's Gambit Declined: Pseudo-Tarrasch Variation,D50,5468,2.6481077640383915e-05,0.12051938551572787,0.12033650329188003,white,0.12051938551572787,0.5426621160409556,0.4575645756457565,-0.08509754039519912,10.539080131334421
Queen's Gambit Declined: Queen's Knight Variation,D31,422672,0.002046965992760854,0.09365418101979786,0.06386512473028731,white,0.09365418101979786,0.5003644927942579,0.5411344873501998,0.04076999455594188,6.191396585650144
"Queen's Gambit Declined: Ragozin Defense, Alekhine Variation",D38,14548,7.045477642873175e-05,0.08949683805334066,0.07946109430849602,white,0.08949683805334066,0.5289945765540258,0.49926144756277696,-0.02973312899124886,9.560539523071382
"Queen's Gambit Declined: Ragozin Defense, Vienna Variation",D39,12308,5.960663928270761e-05,0.11837829054273644,0.06069223269418265,white,0.11837829054273644,0.4531330916623511,0.5793918918918919,0.12625880022954078,9.72774359273633
Queen's Gambit Declined: Semi-Tarrasch Defense,D40,43184,0.00020913658683656527,0.08188217858466099,0.07901074472026677,white,0.08188217858466099,0.4625158831003812,0.48688097306689837,0.02436508996651715,8.472522993920476
"Queen's Gambit Declined: Semi-Tarrasch Defense, Exchange Variation",D41,6195,3.0001879294472997e-05,0.07489911218724778,0.05262308313155771,white,0.07489911218724778,0.4298949969116739,0.48,0.050105003088326105,10.414250535115018
"Queen's Gambit Declined: Semi-Tarrasch Defense, Pillsbury Variation",D40,54682,0.0002648204622405767,0.09299220950221279,0.0742108920668593,white,0.09299220950221279,0.4718024327312938,0.4870917573872473,0.015289324655953507,8.236458462564508
"Queen's Gambit Declined: Semi-Tarrasch, 5.cxd5",D41,26035,0.00012608537973068676,0.08188976377952756,0.09064720568465527,black,0.09064720568465527,0.43297164858242915,0.47205438066465255,0.039082732082223404,8.978551263581263
"Queen's Gambit Declined: Slav, Dutch Variation",D19,9420,4.56202910337265e-05,0.0410828025477707,0.04723991507430998,black,0.04723991507430998,0.47647798742138364,0.35294117647058826,-0.12353681095079538,9.995157961607854
"Queen's Gambit Declined: Tarrasch Defense, Pseudo-Tarrasch",D30,83188,0.0004028726932604713,0.09477328460835698,0.07903784199644179,white,0.09477328460835698,0.5036597428288823,0.5095182820661637,0.005858539237281413,7.81688994354045
Queen's Gambit Declined: Tarrasch Defense: 4.cxd5 exd5,D32,25203,0.0001220560716478778,0.09201285561242709,0.1064159028687061,black,0.1064159028687061,0.5154494382022472,0.45313194135939583,-0.06231749684285137,9.011030015145305
Queen's Gambit Declined: Tartakower Defense,D58,11454,5.547078699578591e-05,0.04679587916884931,0.04408940108259123,white,0.04679587916884931,0.46285140562248994,0.4365482233502538,-0.02630318227223616,9.799654036224458
Queen's Gambit Declined: Three Knights Variation,D37,244750,0.0011853042707541995,0.07196731358529111,0.05076200204290092,white,0.07196731358529111,0.493426407061917,0.5187889792373885,0.025362572175471554,6.7377557687855045
Queen's Gambit Declined: Traditional Variation,D30,90139,0.00043653581884172744,0.07513950676177902,0.05838760137121557,white,0.07513950676177902,0.4828077959118999,0.5094238018309101,0.0266160059190102,7.7366401268491645
Queen's Gambit Declined: Vienna Variation,D44,88677,0.0004294554721865992,0.11453928301588913,0.055685239690111306,white,0.11453928301588913,0.4980463662412086,0.5564673157162726,0.05842094947506399,7.7529924955195675
"Queen's Gambit Declined: Vienna Variation, Quiet Variation",D44,37904,0.0001835659778495084,0.09426445757703672,0.055165681722245674,white,0.09426445757703672,0.47557921102066375,0.5457504068093628,0.07017119578869907,8.602936402779696
Queen's Gambit Refused: Albin Countergambit,D08,237281,0.0011491325134579252,0.0965016162271737,0.10501051495905699,black,0.10501051495905699,0.46628623901351174,0.4438376263449625,-0.02244861266854925,6.768747957385174
"Queen's Gambit Refused: Albin Countergambit, Fianchetto Variation",D09,8557,4.1440852481485945e-05,0.08355732149117681,0.05913287367067897,white,0.08355732149117681,0.5210800568450971,0.5220588235294118,0.0009787666843147358,10.091243388760207
"Queen's Gambit Refused: Albin Countergambit, Fianchetto Variation, Bg4 Line",D09,9317,4.512147044174414e-05,0.08886980787807235,0.07030159922721906,white,0.08886980787807235,0.5073696145124716,0.5428571428571428,0.03548752834467117,10.006152361727837
"Queen's Gambit Refused: Albin Countergambit, Lasker Trap",D08,12643,6.122901693624247e-05,0.057027604207862057,0.37467373250019775,black,0.37467373250019775,0.6355311355311355,0.6865148861646234,0.05098375063348792,9.700889347866363
"Queen's Gambit Refused: Albin Countergambit, Modern Line",D09,8350,4.043836837915247e-05,0.08239520958083832,0.09389221556886228,black,0.09389221556886228,0.39841688654353563,0.4136690647482014,0.01525217820466579,10.11573151133336
"Queen's Gambit Refused: Albin Countergambit, Normal Line",D08,83920,0.0004064177095064042,0.07594137273593898,0.12547664442326026,black,0.12547664442326026,0.4624921728240451,0.48399152859100536,0.02149935576696027,7.8081290861080825
"Queen's Gambit Refused: Albin Countergambit, Tartakower Defense",D08,15644,7.576261496089355e-05,0.06782152902071081,0.08309895167476349,black,0.08309895167476349,0.43716814159292033,0.45143638850889195,0.014268246915971616,9.487905593302857
"Queen's Gambit Refused: Austrian Attack, Salvio Countergambit",D06,16908,8.188406377900717e-05,0.061095339484267805,0.09835580790158505,black,0.09835580790158505,0.48642266824085006,0.5041584158415842,0.017735747600734098,9.410206167491582
Queen's Gambit Refused: Austrian Defense,D06,160685,0.0007781843380843251,0.11307215981578865,0.08924292871145409,white,0.11307215981578865,0.49618158676283414,0.5293573844419391,0.033175797679105,7.158547123439626
Queen's Gambit Refused: Baltic Defense,D06,257302,0.0012460925821188849,0.09181817475184802,0.08105261521480595,white,0.09181817475184802,0.48877805486284287,0.5241935483870968,0.03541549352425388,6.687742557911042
"Queen's Gambit Refused: Baltic Defense, Pseudo-Chigorin",D06,12768,6.183438173233757e-05,0.06923558897243108,0.12280701754385964,black,0.12280701754385964,0.5061633281972265,0.5062050947093403,4.176651211373894e-05,9.691051009488671
"Queen's Gambit Refused: Baltic Defense, Pseudo-Slav",D06,77253,0.0003741299727418761,0.06083906126622914,0.06213350937827657,black,0.06213350937827657,0.4315237001804166,0.49386586695747003,0.062342166777053454,7.890907300220871
"Queen's Gambit Refused: Baltic Defense, Queen Attack",D06,6396,3.0975305886593914e-05,0.1386804252657911,0.09959349593495935,white,0.1386804252657911,0.5317073170731708,0.5926892950391645,0.060981977965993694,10.382320255224418
"Queen's Gambit Refused: Baltic Defense, Queen Attack Deferred",D06,5685,2.7531990926405002e-05,0.11627088830255057,0.12014072119613017,black,0.12014072119613017,0.5342679127725857,0.4235294117647059,-0.1107385010078798,10.500161922993625
Queen's Gambit Refused: Chigorin Defense,D07,110982,0.0005374767664018083,0.11870393397127463,0.08943792687102413,white,0.11870393397127463,0.5088038858530661,0.5441496411513166,0.03534575529825046,7.528625024195658
Queen's Gambit Refused: Chigorin Defense #2,D07,53729,0.0002602051610351476,0.10391036497980606,0.0761599880883694,white,0.10391036497980606,0.5190926275992439,0.5475443131462334,0.028451685546989514,8.254040157204992
Queen's Gambit Refused: Chigorin Defense #3,D07,117934,0.0005711447349014332,0.13100547764003595,0.10056472264147744,white,0.13100547764003595,0.4882533197139939,0.5297213693760244,0.04146804966203055,7.467867904243278
"Queen's Gambit Refused: Chigorin Defense, Exchange Variation",D07,55344,0.0002680264742006963,0.1183326105810928,0.11887467476149176,black,0.11887467476149176,0.4453125,0.45763598326359833,0.012323483263598334,8.224424798001312
"Queen's Gambit Refused: Chigorin Defense, Janowski Variation",D07,75335,0.00036484125531059295,0.14187296741222538,0.0837326607818411,white,0.14187296741222538,0.536046511627907,0.556540764624597,0.020494252996690054,7.916048215942873
"Queen's Gambit Refused: Chigorin Defense, Lazard Gambit",D06,10776,5.2187288341766107e-05,0.11219376391982183,0.1048626577579807,white,0.11219376391982183,0.45656565656565656,0.5497630331753555,0.0931973766096989,9.860671611088062
"Queen's Gambit Refused: Chigorin Defense, Main Line",D07,42098,0.00020387717748809108,0.09682170174355076,0.09045560359161955,white,0.09682170174355076,0.4863688723921669,0.5085585585585586,0.022189686166391664,8.497992816574474
"Queen's Gambit Refused: Chigorin Defense, Modern Gambit",D06,59485,0.00028808099916573465,0.13897621249054384,0.0830965789694881,white,0.13897621249054384,0.5077625570776255,0.5617428758220205,0.05398031874439502,8.152268870267635
"Queen's Gambit Refused: Chigorin Defense, Tartakower Gambit",D06,10389,5.0313078933055686e-05,0.10491866397150833,0.09866204639522572,white,0.10491866397150833,0.48435462842242505,0.567398119122257,0.08304349069983197,9.89724549610773
Queen's Gambit Refused: Marshall Defense,D06,1126485,0.005455474898633481,0.09981579870126987,0.07803832274730689,white,0.09981579870126987,0.5321461445868442,0.521735319620481,-0.010410824966363141,5.211135605991706
"Queen's Gambit Refused: Marshall Defense, Tan Gambit",D06,8062,3.904360788894936e-05,0.07181840734309104,0.07876457454725874,black,0.07876457454725874,0.42593730792870316,0.4759825327510917,0.050045224822388545,10.150831385501151
Queen's Indian Accelerated,A50,41315,0.0002000851724053514,0.0748396466174513,0.06116422606801404,white,0.0748396466174513,0.4810394610202117,0.5135855975996,0.03254613657938826,8.516767420042976
Queen's Indian Defense,A47,57157,0.0002768066852032596,0.06380670783980964,0.04583865493290411,white,0.06380670783980964,0.4933459327506103,0.4882935071204441,-0.0050524256301661685,8.192191182766528
Queen's Indian Defense: Capablanca Variation,E16,8310,4.0244651644402036e-05,0.047292418772563176,0.0296028880866426,white,0.047292418772563176,0.4765902486277042,0.5555555555555556,0.07896530692785136,10.120533441328767
Queen's Indian Defense: Classical Variation,E17,7249,3.5106315255146856e-05,0.05945647675541454,0.031176714029521314,white,0.05945647675541454,0.5118367346938776,0.4,-0.11183673469387756,10.257129521877385
"Queen's Indian Defense: Classical Variation, Traditional Variation",E17,14152,6.853698075470248e-05,0.05271339739966083,0.027416619559072923,white,0.05271339739966083,0.4853443625247258,0.5492957746478874,0.06395141212316158,9.588137093338641
"Queen's Indian Defense: Classical Variation, Traditional Variation, Nimzowitsch Line",E18,15028,7.277937724573692e-05,0.06101943039659303,0.03626563747671014,white,0.06101943039659303,0.5028571428571429,0.5333333333333333,0.030476190476190435,9.528077922484401
Queen's Indian Defense: Fianchetto Traditional,E15,9156,4.434176058437365e-05,0.07481432940148537,0.03647881170816951,white,0.07481432940148537,0.4951084644831986,0.5374149659863946,0.04230650150319598,10.023583648105804
"Queen's Indian Defense: Fianchetto Variation, Nimzowitsch Variation",E15,6959,3.370186892820623e-05,0.06365857163385544,0.05963500502945825,white,0.06365857163385544,0.4650609574784419,0.6111111111111112,0.14605015363266927,10.297957264333412
Queen's Indian Defense: Kasparov Variation,E12,35669,0.00017274205529532806,0.06434158512994477,0.049062210883400154,white,0.06434158512994477,0.46750071901064133,0.4961411245865491,0.028640405575907746,8.663711085981411
"Queen's Indian Defense: Kasparov-Petrosian Variation, Marco Defense",E12,6615,3.203590500935252e-05,0.04882842025699168,0.0328042328042328,white,0.04882842025699168,0.4919148936170213,0.44339622641509435,-0.048518667201926935,10.348653252629205
Queen's Indian Defense: Spassky System,E14,18129,8.779726710726408e-05,0.05383639472668101,0.050692261018258036,white,0.05383639472668101,0.4785040195735757,0.5049051667756703,0.026401147202094633,9.340480184148593
Queen's Pawn,A40,1591670,0.007708327880005462,0.07826433871342678,0.05630501297379482,white,0.07826433871342678,0.498538740566281,0.5090892051463992,0.010550464580118213,4.865453991710759
Queen's Pawn Game,D00,1050617,0.005088052367832338,0.07141232247336565,0.06819611713878607,white,0.07141232247336565,0.475425459496256,0.47375956661242075,-0.0016658928838352294,5.280860160577404
Queen's Pawn Game #2,D00,1757610,0.008511961754117624,0.07970880912147746,0.06575349480260126,white,0.07970880912147746,0.49447866175881044,0.49638745721600064,0.0019087954571901933,4.766282839565214
Queen's Pawn Game #3,D00,417490,0.002021869989773936,0.0717382452274306,0.06754173752664734,white,0.0717382452274306,0.4812476441764041,0.48463219520019246,0.0033845510237883736,6.203732458287879
Queen's Pawn Game: Anglo-Slav Opening,A41,137459,0.0006657027160514873,0.05085880153354819,0.056169475989204055,black,0.056169475989204055,0.46120068610634646,0.4543788933675339,-0.00682179273881256,7.314667359372718
Queen's Pawn Game: Anti-Torre,D02,224845,0.0010889059806240163,0.08209210789655096,0.06655696146234072,white,0.08209210789655096,0.5143983544737745,0.4971866681543587,-0.017211686319415775,6.8225817742735755
Queen's Pawn Game: Chigorin Variation,D02,2156518,0.010443840634763248,0.09854589667232085,0.07494674285120737,white,0.09854589667232085,0.5063712004860678,0.502072140859582,-0.004299059626485802,4.561742887284726
Queen's Pawn Game: Colle System,D04,297660,0.0014415430816453322,0.0690788147550897,0.06434522609688907,white,0.0690788147550897,0.48170793844899623,0.4994816796140113,0.017773741165015067,6.542041154655112
"Queen's Pawn Game: Colle System, Anti-Colle",D04,91281,0.0004420664316188523,0.06481085877674433,0.06349623689486311,white,0.06481085877674433,0.4823602872307212,0.48785097192224625,0.005490684691525027,7.724050389399947
"Queen's Pawn Game: Colle System, Grünfeld Formation",A48,23633,0.00011445268980892338,0.04578343841238946,0.054880886895442814,black,0.054880886895442814,0.4531590413943355,0.4944029850746269,0.041243943680291384,9.075349009797975
Queen's Pawn Game: Englund Gambit,A40,6885,3.3343492968917934e-05,0.07610748002904866,0.09208424110384894,black,0.09208424110384894,0.4684756584197925,0.46808510638297873,-0.0003905520368137627,10.308647918015506
Queen's Pawn Game: Franco-Sicilian Defense,C00,262051,0.0012690916014521296,0.0851933402276656,0.10058729026029284,black,0.10058729026029284,0.46534132744293677,0.4932452379278836,0.027903910484946837,6.6694539088895946
Queen's Pawn Game: Huebsch Gambit,D00,9945,4.81628231773259e-05,0.10226244343891402,0.1208647561588738,black,0.1208647561588738,0.5213454075032341,0.5179618768328446,-0.003383530670389545,9.94092313789019
Queen's Pawn Game: Krause Variation,D02,237457,0.0011499848670908273,0.08580922019565648,0.06995371793630005,white,0.08580922019565648,0.4834197705484834,0.49276633950252,0.009346568954036627,6.768006495745014
Queen's Pawn Game: Levitsky Attack,D00,334993,0.0016223437531062781,0.1056111620242811,0.04807563143110453,white,0.1056111620242811,0.5141412806449481,0.5308505995552693,0.016709318910321125,6.423883414111761
Queen's Pawn Game: Liedmann Gambit,A43,5378,2.6045214987195444e-05,0.07493492004462625,0.08162885831164002,black,0.08162885831164002,0.49158249158249157,0.4765625,-0.015019991582491565,10.555676492349452
Queen's Pawn Game: London System,D02,685923,0.0033218690962554965,0.07933106194135493,0.05270562439224228,white,0.07933106194135493,0.4865748943709963,0.5309407068516122,0.044365812480615885,5.707227673668129
Queen's Pawn Game: Mason Attack,D00,3095084,0.014989239156457572,0.09643033920888738,0.0637788828994625,white,0.09643033920888738,0.49880455407969637,0.530185565376266,0.03138101129656967,4.200422724896454
Queen's Pawn Game: Steinitz Countergambit,D00,165482,0.0008014158174992705,0.09414921260318343,0.07804474202632311,white,0.09414921260318343,0.4755762479010838,0.4987594517958412,0.023183203894757365,7.129130622623254
Queen's Pawn Game: Stonewall Attack,D00,154512,0.0007482890029939647,0.0831197576887232,0.05778839184011598,white,0.0831197576887232,0.5033174469675731,0.5032161234991424,-0.00010132346843072515,7.1977212869715625
Queen's Pawn Game: Symmetrical Variation,D02,354400,0.0017163302698888184,0.07955417607223476,0.0660214446952596,white,0.07955417607223476,0.4918416547290451,0.4835368377483444,-0.008304816980700735,6.367566831465199
"Queen's Pawn Game: Symmetrical Variation, Pseudo-Catalan",D02,183018,0.0008863412340138594,0.06468762635369199,0.045033821809876626,white,0.06468762635369199,0.4891766398535086,0.5098274209012464,0.02065078104773782,7.028408541536058
Queen's Pawn Game: Torre Attack,D03,142811,0.000691622015161095,0.076289641554222,0.04746833227132364,white,0.076289641554222,0.5013750793314999,0.5001515763945028,-0.001223502936997134,7.276470972445036
"Queen's Pawn Game: Torre Attack, Gossip Variation",D03,27468,0.00013302528175312096,0.06709625746322995,0.06432940148536478,white,0.06709625746322995,0.46928610957387934,0.48484848484848486,0.015562375274605522,8.924971359437695
"Queen's Pawn Game: Torre Attack, Grünfeld Variation",D03,7905,3.828326970505392e-05,0.06350411132194814,0.04604680581910183,white,0.06350411132194814,0.5152394775036284,0.4673076923076923,-0.047931785195936105,10.17049757953469
"Queen's Pawn Game: Torre Attack, Grünfeld Variation, Main Line",D03,6529,3.1619414029639095e-05,0.05299433297595344,0.031704702098330526,white,0.05299433297595344,0.49825513765025203,0.5,0.0017448623497479665,10.361739257991628
"Queen's Pawn Game: Veresov Attack, Alburt Defense",D00,83826,0.00040596247517974066,0.08202705604466394,0.08029728246606065,white,0.08202705604466394,0.4881118881118881,0.47814305070241747,-0.009968837409470632,7.80924982829972
"Queen's Pawn Game: Veresov Attack, Anti-Veresov",D00,7278,3.524675988784092e-05,0.07969222313822479,0.09082165430063205,black,0.09082165430063205,,0.4800644381796214,,10.253136951006157
"Queen's Pawn Game: Veresov Attack, Boyce Defense",D01,10670,5.167393899467746e-05,0.09597000937207123,0.08022492970946579,white,0.09597000937207123,0.5320388349514563,0.48703403565640196,-0.045004799295054354,9.870556984882462
"Queen's Pawn Game: Veresov Attack, Classical Defense",D01,93285,0.00045177164002984884,0.08398992335316503,0.06121026960390202,white,0.08398992335316503,0.47465058920252123,0.47822032251797164,0.0035697333154504074,7.702333726972163
"Queen's Pawn Game: Veresov Attack, Dutch System",A80,12293,5.95339955071762e-05,0.08663467013747661,0.0693077361099813,white,0.08663467013747661,0.5313852813852814,0.4971932638331997,-0.03419201755208173,9.72896305551092
"Queen's Pawn Game: Veresov Attack, Fianchetto Defense",D00,12945,6.269157828360823e-05,0.08404789494013132,0.06334492081884897,white,0.08404789494013132,0.4641025641025641,0.484073575594437,0.01997101149187286,9.677283436992624
"Queen's Pawn Game: Veresov Attack, Richter Variation",D01,11506,5.572261875096147e-05,0.12680340691812966,0.05405875195550148,white,0.12680340691812966,0.5571981696585709,0.4800637958532695,-0.07713437380530141,9.795124411755022
"Queen's Pawn Game: Veresov Attack, Shaviliuk Gambit",D00,16500,7.990815308455277e-05,0.13236363636363635,0.11042424242424242,white,0.13236363636363635,0.47802197802197804,0.5183114035087719,0.04028942548679387,9.43463266928959
"Queen's Pawn Game: Veresov Attack, Two Knights System",D01,6857,3.320789125459263e-05,0.07889747703077148,0.06270963978416216,white,0.07889747703077148,0.4862068965517241,0.4941599281221923,0.007953031570468172,10.312723021893897
"Queen's Pawn Game: Veresov Attack, Veresov Variation",D01,6938,3.360016764246225e-05,0.08215624099164025,0.07278754684347075,white,0.08215624099164025,0.5333333333333333,0.4779208831646734,-0.05541245016865992,10.300979501648566
Queen's Pawn Game: Zukertort Variation,D02,1373080,0.006649714353778044,0.07531025140559909,0.05301366271448131,white,0.07531025140559909,0.49954451837769326,0.5069662040252132,0.007421685647519938,5.013181379556029
"Queen's Pawn Opening: Veresov Attack, Irish Gambit",D00,48001,0.00023246492461888592,0.12333076394241786,0.10364367409012312,white,0.12333076394241786,0.48849878934624696,0.4816628701594533,-0.00683591918679366,8.366771206171912
"Queen's Pawn Opening: Veresov, Richter Attack",D00,42669,0.00020664248387665347,0.08976071621083222,0.08819048958260095,white,0.08976071621083222,0.4809322033898305,0.48092105263157897,-1.1150758251532444e-05,8.484520388939924
Rat Defense: Accelerated Gurgenidze,B07,13102,6.345191646750367e-05,0.059685544191726454,0.04999236757746909,white,0.059685544191726454,0.49314660309892727,0.4629080118694362,-0.030238591229491074,9.665228159886441
Rat Defense: Antal Defense,B07,102867,0.0004981764838393146,0.0678448870872097,0.05462393187319549,white,0.0678448870872097,0.4974654780632756,0.4879111756770779,-0.0095543023861977,7.604556158499724
Rat Defense: Balogh Defense,B07,32383,0.00015682822553558017,0.10243028749652595,0.07297038569619863,white,0.10243028749652595,0.5462239583333334,0.5144466209598433,-0.03177733737349009,8.760359456454545
Rat Defense: English Rat,A41,114474,0.0005543882373455209,0.0657354508447333,0.062014081800234114,white,0.0657354508447333,0.4383740624243891,0.5160076775431862,0.07763361511879713,7.497645327222896
"Rat Defense: English Rat, Lisbon Gambit",A41,7981,3.865133150107974e-05,0.06014283924320261,0.14847763438165643,black,0.14847763438165643,0.4969097651421508,0.5207729468599034,0.02386318171775259,10.160929333302253
Rat Defense: Harmonist,B07,176505,0.0008547993066781205,0.08019602844112064,0.059063482620888924,white,0.08019602844112064,0.48598458304134545,0.5220681686886193,0.03608358564727382,7.064643845612123
Rat Defense: Small Center Defense,C00,471057,0.0022812905980333443,0.06692608325531729,0.04726816499914023,white,0.06692608325531729,0.5426413033585146,0.5028467932940138,-0.03979451006450074,6.083013944393648
Richter-Veresov Attack,D01,114532,0.000554669126610909,0.09072573603883631,0.07485244298536653,white,0.09072573603883631,0.4771189458689459,0.4936594683504006,0.01654052248145471,7.497138790265435
Richter-Veresov Attack #2,D01,8929,4.324241811466496e-05,0.07503639825288386,0.07324448426475529,white,0.07503639825288386,0.46938775510204084,0.4982248520710059,0.02883709696896508,10.048688643661045
Robatsch (Modern) Defense,B06,1082119,0.0052406139822850405,0.06840005581641206,0.06094985856453865,white,0.06840005581641206,0.48205253427285727,0.48157358317887466,-0.0004789510939826047,5.251316615321509
Robatsch Defense,A41,14120,6.838200736690213e-05,0.04575070821529745,0.06388101983002833,black,0.06388101983002833,0.49609375,0.48804971319311663,-0.00804403680688337,9.590400818131029
Rubinstein Opening,D05,17753,8.597632980061003e-05,0.08595730299104377,0.03920464146904749,white,0.08595730299104377,0.505411906193626,0.5023809523809524,-0.003030953812673598,9.361438534471464
Russian Game: Classical Attack,C42,51233,0.0002481172367867208,0.0933577967325747,0.07413190716920735,white,0.0933577967325747,0.5037209302325582,0.530528931487398,0.02680800125483984,8.30160919452172
"Russian Game: Classical Attack, Closed Variation",C42,5380,2.6054900823932966e-05,0.08048327137546468,0.05297397769516728,white,0.08048327137546468,0.527027027027027,0.4942630185348632,-0.032764008492163765,10.555304676022432
"Russian Game: Classical Attack, Marshall Variation",C42,9984,4.8351696993707574e-05,0.06580528846153846,0.0765224358974359,black,0.0765224358974359,0.4635597421913733,0.5378151260504201,0.07425538385904684,9.937009238569052
"Russian Game: Classical Attack, Mason Variation",C42,6377,3.088329043758746e-05,0.06225497883017093,0.03575348910145837,white,0.06225497883017093,0.5025740025740025,0.578125,0.07555099742599747,10.38529528286299
"Russian Game: Classical Attack, Staunton Variation",C42,6316,3.058787241709305e-05,0.056998100063331225,0.045598480050664976,white,0.056998100063331225,0.4831130690161527,0.5,0.016886930983847304,10.39490695380273
Russian Game: Cochrane Gambit,C42,39908,0.000193271186260505,0.15816377668637868,0.0943921018342187,white,0.15816377668637868,0.49899569583931136,0.5075455879270593,0.008549892087747923,8.551416245144864
Russian Game: Cozio (Lasker) Attack,C42,116430,0.000563860985674817,0.08882590397663832,0.058842222794812334,white,0.08882590397663832,0.47314847314847314,0.5111078344637766,0.037959361315303475,7.4807028161472005
Russian Game: Damiano Variation,C42,214193,0.0010373192141599765,0.2491631379176724,0.12305257408038545,white,0.2491631379176724,0.47665706051873197,0.5965081853675614,0.11985112484882948,6.871115572455032
"Russian Game: Damiano Variation, Kholmov Gambit",C42,35243,0.00017067897207023597,0.11463269301705303,0.1300116335158755,black,0.1300116335158755,0.5172642762284196,0.4500630119722747,-0.06720126425614492,8.675726122218059
Russian Game: French Attack,C42,46233,0.0002239026449429169,0.06770056020591353,0.06969048082538447,black,0.06969048082538447,0.42690965490500193,0.4728359950412018,0.04592634013619984,8.404299221374774
Russian Game: Karklins-Martinovsky Variation,C42,16008,7.752543724712247e-05,0.09345327336331834,0.09395302348825588,black,0.09395302348825588,0.41542625169147496,0.47781199058141643,0.06238573888994148,9.464904452914693
Russian Game: Millennium Attack,C42,10550,5.109278879042617e-05,0.11298578199052133,0.09611374407582939,white,0.11298578199052133,0.5401709401709401,0.49972144846796657,-0.04044949170297357,9.881867190274049
Russian Game: Modern Attack,C43,21137,0.00010236476556049649,0.18900506221318067,0.10252164450962767,white,0.18900506221318067,,0.5717993079584776,,9.186967990893425
"Russian Game: Modern Attack, Center Attack",C43,5456,2.6422962619958786e-05,0.10465542521994135,0.10520527859237537,black,0.10520527859237537,0.4805914972273567,0.3783068783068783,-0.10228461892047841,10.541277129654963
"Russian Game: Modern Attack, Center Variation",C43,12815,6.206199889566932e-05,0.12360515021459227,0.06874756145142412,white,0.12360515021459227,0.5072544642857143,0.5997392438070405,0.09248477952132617,9.68737669038009
"Russian Game: Modern Attack, Symmetrical Variation",C43,10223,4.95091544838414e-05,0.14320649515797712,0.10701359679154847,white,0.14320649515797712,0.4798657718120805,0.5458790093382054,0.06601323752612492,9.913352966421249
"Russian Game: Modern Attack, Symmetrical Variation #2",C43,54811,0.0002654451987101468,0.13075842440386054,0.11716626224662932,white,0.13075842440386054,0.4644431665708261,0.5140528968993854,0.049609730328559254,8.234102146458703
Russian Game: Nimzowitsch Attack,C42,77462,0.0003751421426809471,0.08983759778988407,0.060429630012134986,white,0.08983759778988407,0.48685974792169484,0.5199911150599733,0.03313136713827847,7.888205556664893
Russian Game: Paulsen Attack,C42,22088,0.00010697038092918799,0.0982433900760594,0.09099963781238682,white,0.0982433900760594,0.4856711915535445,0.4670380687093779,-0.018633122844166572,9.14295857556827
Russian Game: Stafford Gambit,C42,88376,0.0004279977537576022,0.10539060378383272,0.21014755137141305,black,0.21014755137141305,0.5133495145631068,0.4878481703986892,-0.025501344164417628,7.7563926106261505
Russian Game: Three Knights Game,C42,736221,0.0035654582043674263,0.11433795015355444,0.09667885050820338,white,0.11433795015355444,0.475682995760716,0.5138817251545774,0.03819872939386143,5.636462704800654
Russian Game: Urusov Gambit,C42,686082,0.00332263912027613,0.16699898845910546,0.12242414172066896,white,0.16699898845910546,0.451050743208611,0.5337903913414188,0.08273964813280782,5.706995896086106
Ruy Lopez,C60,278500,0.0013487527656998756,0.11174865350089766,0.09504129263913824,white,0.11174865350089766,0.46566998892580286,0.519838024534519,0.054168035608716136,6.608574990828786
Ruy Lopez: Alapin Defense,C60,13841,6.703083314201787e-05,0.14601546131059895,0.09197312332923922,white,0.14601546131059895,0.4527938342967245,0.5620807665982204,0.10928693230149589,9.61035784828156
Ruy Lopez: Berlin Defense,C65,57578,0.00027884555383650786,0.14658376463232484,0.08471985827920386,white,0.14658376463232484,0.5416293643688451,0.5751143228137526,0.03348495844490751,8.184852499898081
Ruy Lopez: Berlin Defense #2,C65,513003,0.0024844316519293834,0.10605785931076427,0.10179862495930823,white,0.10605785931076427,0.49308965726725057,0.5094925646059106,0.016402907338660067,5.997711357089238
"Ruy Lopez: Berlin Defense, Anderssen Variation",C65,5308,2.570621070138219e-05,0.07799547852298418,0.06857573474001508,white,0.07799547852298418,,0.5132662397072278,,10.568777933726164
"Ruy Lopez: Berlin Defense, Beverwijk Variation",C65,110742,0.0005363144659933057,0.10157844358960466,0.10766466200718788,black,0.10766466200718788,0.4431527551732155,0.4667653536484096,0.02361259847519409,7.530789878642915
"Ruy Lopez: Berlin Defense, Closed Wolf Variation",C66,6326,3.063630160078066e-05,0.11239329750237116,0.07018653177363263,white,0.11239329750237116,0.5576923076923077,0.5172209026128266,-0.040471405079481104,10.393324925312667
"Ruy Lopez: Berlin Defense, Fishing Pole Variation",C65,10353,5.01387338717803e-05,0.12363566116101612,0.26968028590746645,black,0.26968028590746645,,0.581081081081081,,9.900716717412148
"Ruy Lopez: Berlin Defense, Improved Steinitz Defense",C66,148949,0.0007213478481085486,0.08147755271938717,0.06158483776326125,white,0.08147755271938717,0.5249728555917481,0.5169446144430845,-0.008028241148663628,7.234389084721673
"Ruy Lopez: Berlin Defense, Rio Gambit Accepted",C67,78548,0.0003804015520294213,0.15936752049702094,0.10408921933085502,white,0.15936752049702094,0.46075044669446097,0.5821984008435112,0.12144795414905019,7.874283147308141
"Ruy Lopez: Berlin Defense, l'Hermet Variation",C67,19153,9.275641551687512e-05,0.06166135853391114,0.04323082545815277,white,0.06166135853391114,0.4537938636781187,0.5335365853658537,0.079742721687735,9.285533688875601
Ruy Lopez: Bird Variation,C61,320784,0.0015535307260045562,0.09510449398972518,0.10785138909671305,black,0.10785138909671305,0.43984920722918286,0.4702919545353243,0.030442747306141438,6.467225050759301
Ruy Lopez: Classical Variation,C64,399352,0.0019340291364013528,0.08702347803441575,0.10885885133916945,black,0.10885885133916945,0.4707321548718576,0.47944952944538155,0.00871737457352395,6.248149816707043
"Ruy Lopez: Classical Variation, Central Variation",C64,110548,0.0005353749398297661,0.0956417121974165,0.07053044831204544,white,0.0956417121974165,0.4911696101299567,0.536884830035515,0.045715219905558324,7.532543234417695
"Ruy Lopez: Classical Variation, Zukertort Gambit",C64,55518,0.0002688691419968607,0.13251558053243992,0.0816672070319536,white,0.13251558053243992,0.5602448453608248,0.54300034172457,-0.017244503636254738,8.221285757701176
Ruy Lopez: Closed,C88,20024,9.697459741606575e-05,0.032510986815821014,0.03076308429884139,white,0.032510986815821014,0.4945999018163967,0.5303030303030303,0.035703128486633595,9.241061496066651
Ruy Lopez: Closed Variations,C84,19248,9.321649276190739e-05,0.07741064006650042,0.058967165419783876,white,0.07741064006650042,0.49754067347710934,0.5270034843205574,0.029462810843448095,9.2805858909638
"Ruy Lopez: Closed Variations, Averbakh Variation",C87,11671,5.6521700281807e-05,0.05826407334418644,0.03907120212492503,white,0.05826407334418644,0.5187224669603524,0.5234248788368336,0.004702411876481238,9.780885917765907
"Ruy Lopez: Closed Variations, Bogoljubov Variation",C91,10078,4.880693132037108e-05,0.038003572137328835,0.04266719587219686,black,0.04266719587219686,0.45113102859581733,0.5631399317406144,0.11200890314479706,9.927638219937718
"Ruy Lopez: Closed Variations, Chigorin Defense",C97,10498,5.084095703525061e-05,0.007906267860544866,0.01266907982472852,black,0.01266907982472852,0.45079825834542814,0.4,-0.050798258345428116,9.886808287366017
"Ruy Lopez: Closed Variations, Closed Defense",C96,10213,4.946072530015379e-05,0.02193283070596299,0.0205620287868403,white,0.02193283070596299,0.5016353229762878,0.6153846153846154,0.11374929240832765,9.914331631600163
"Ruy Lopez: Closed Variations, Flohr System",C92,7922,3.836559931732286e-05,0.03054784145417824,0.018050997222923505,white,0.03054784145417824,0.4841141626278945,0.5794392523364486,0.09532508970855408,10.1683493509964
"Ruy Lopez: Closed Variations, Martinez Variation",C78,14949,7.239678669460482e-05,0.044217004481905145,0.036122817579771226,white,0.044217004481905145,0.50453446191052,0.5071428571428571,0.002608395232337135,9.533348642228747
"Ruy Lopez: Closed Variations, Morphy Attack",C78,5208,2.5221918864506115e-05,0.06682027649769585,0.06490015360983103,white,0.06682027649769585,0.43854748603351956,0.4890776699029126,0.050530183869393064,10.587797145289857
"Ruy Lopez: Closed Variations, Pilnik Variation",C90,10180,4.930090899398468e-05,0.02504911591355599,0.015913555992141455,white,0.02504911591355599,0.5138473053892215,0.5490909090909091,0.035243603701687554,9.917568039073748
"Ruy Lopez: Closed Variations, Yates Variation",C91,8239,3.990080444022002e-05,0.05935186309018085,0.03531982036654934,white,0.05935186309018085,0.4987244897959184,0.5190058479532164,0.02028135815729798,10.129114072862672
"Ruy Lopez: Closed, 7...O-O",C88,13319,6.450282975352476e-05,0.05773706734739845,0.07583151888279901,black,0.07583151888279901,0.4515652687536917,0.4792243767313019,0.02765910797761023,9.64880146297723
"Ruy Lopez: Closed, 8.c3",C88,5069,2.4548753211248366e-05,0.08009469323337937,0.034129019530479386,white,0.08009469323337937,0.5344262295081967,0.5511022044088176,0.016675974900620893,10.614849490705913
"Ruy Lopez: Closed, Anti-Marshall 8.a4",C88,8039,3.8932220766467864e-05,0.04328896628933947,0.037815648712526434,white,0.04328896628933947,0.5155987923515599,0.5476190476190477,0.03202025526748775,10.1536883528503
Ruy Lopez: Columbus Variation,C68,18686,9.049477263866383e-05,0.11366798672803168,0.08059509793428235,white,0.11366798672803168,0.5028901734104047,0.5426150523342748,0.03972487892387011,9.310218469825362
Ruy Lopez: Cozio Defense,C60,303610,0.0014703584459394587,0.09263858239188433,0.06987253384275881,white,0.09263858239188433,0.46665039856840734,0.5088674838256269,0.04221708525721951,6.52224906714068
"Ruy Lopez: Cozio Defense, Paulsen Variation",C60,7958,3.853994437859824e-05,0.11133450615732596,0.0679819050012566,white,0.11133450615732596,0.49460431654676257,0.5068436333471589,0.012239316800396305,10.163815338191387
Ruy Lopez: Exchange Variation,C68,289106,0.0014001167579189525,0.08523171431931541,0.09242976624490672,black,0.09242976624490672,0.42768173520884784,0.4796156723908243,0.051933937181976475,6.57119964732485
"Ruy Lopez: Exchange Variation, Alapin Gambit",C69,13124,6.35584606716164e-05,0.06888143858579701,0.17883267296555927,black,0.17883267296555927,0.41585096305652036,0.7619047619047619,0.3460537988482415,9.66355043509727
"Ruy Lopez: Exchange Variation, Gligoric Variation",C69,26346,0.00012759152734337137,0.08282092158202384,0.055302512715402714,white,0.08282092158202384,0.4908515925005647,0.4921004921004921,0.001248899599927411,8.96667658938849
"Ruy Lopez: Exchange Variation, Keres Variation",C68,46842,0.00022685198222949219,0.10430809956876308,0.08180692540882115,white,0.10430809956876308,0.5279445727482679,0.5071698113207547,-0.020774761427513222,8.391212813829917
"Ruy Lopez: Exchange Variation, King's Bishop Variation",C68,65403,0.0003167413900720609,0.14577312967295078,0.07634206381970246,white,0.14577312967295078,0.5285913528591353,0.5262329485834207,-0.002358404275714543,8.057424921225406
"Ruy Lopez: Exchange Variation, Lutikov Variation",C68,115436,0.0005590471248162688,0.15213624865726463,0.07805190755050417,white,0.15213624865726463,0.5379537953795379,0.5657528506868584,0.02779905530732052,7.489276786365486
"Ruy Lopez: Exchange Variation, Normal Variation",C69,75342,0.0003648751557391743,0.1096466778158265,0.08706962915770752,white,0.1096466778158265,0.47614053487152597,0.5404027264685988,0.0642621915970728,7.915955301961243
Ruy Lopez: Fianchetto Defense,C60,24079,0.00011661263140139069,0.07811786203746003,0.06424685410523692,white,0.07811786203746003,0.44087205461352125,0.5219138056975895,0.08104175108406825,9.056652958857029
Ruy Lopez: Lucena Variation,C60,11472,5.5557959526423604e-05,0.0794979079497908,0.06607391910739191,white,0.0794979079497908,0.4860215053763441,0.5347879785920132,0.048766473215669126,9.798083766338861
Ruy Lopez: Marshall Attack,C89,14816,7.175267855155964e-05,0.07437904967602592,0.0773488120950324,black,0.0773488120950324,0.4755686604886268,0.42724458204334365,-0.048324078445283136,9.542285372292302
"Ruy Lopez: Marshall Attack, Modern Main Line",C89,10265,4.971255705532935e-05,0.018119824646858258,0.07978567949342426,black,0.07978567949342426,0.5136221527467619,0.75,0.23637784725323807,9.909252999725227
"Ruy Lopez: Marshall Attack, Modern Variation",C89,5136,2.4873228741955336e-05,0.0381619937694704,0.11253894080996885,black,0.11253894080996885,0.46933085501858735,0.6363636363636364,0.167032781345049,10.601718483808465
"Ruy Lopez: Marshall Attack, Original Marshall Attack",C89,6237,3.020528186596095e-05,0.05291005291005291,0.20218053551386886,black,0.20218053551386886,0.6078706957132818,0.6428571428571429,0.03498644714386112,10.407493752652138
Ruy Lopez: Morphy Defense,C78,64144,0.00031064415584579114,0.10013407333499626,0.0638251434272886,white,0.10013407333499626,0.47869468247446884,0.5518588531821046,0.07316417070763576,8.076862494295973
Ruy Lopez: Morphy Defense #2,C78,22630,0.00010959524268505632,0.08718515245249668,0.053468846663720725,white,0.08718515245249668,0.5457979225684608,0.5230644726193687,-0.0227334499490921,9.11871659055068
"Ruy Lopez: Morphy Defense, Anderssen Variation",C77,132721,0.0006427569688202987,0.061067954581415146,0.04742278915921369,white,0.061067954581415146,0.5046441166244474,0.5213824223156599,0.016738305691212485,7.349743869682888
"Ruy Lopez: Morphy Defense, Arkhangelsk Variation",C78,12160,5.888988736413102e-05,0.08980263157894737,0.08963815789473684,white,0.08980263157894737,0.43925729442970823,0.5361071257771401,0.09684983134743191,9.739841173658103
"Ruy Lopez: Morphy Defense, Bayreuth Variation",C77,6190,2.9977664702629192e-05,0.08723747980613894,0.07592891760904685,white,0.08723747980613894,0.5221238938053098,0.4893455098934551,-0.03277838391185467,10.41505796349962
"Ruy Lopez: Morphy Defense, Breyer Defense, Zaitsev Hybrid",C95,7826,3.790067915392182e-05,0.016227958088423203,0.012266802964477384,white,0.016227958088423203,0.46645962732919255,0.36363636363636365,-0.1028232636928289,10.180541526407904
"Ruy Lopez: Morphy Defense, Caro Variation",C70,184503,0.0008935329677914692,0.12227443456203964,0.07464377272998271,white,0.12227443456203964,0.5257100881488737,0.5519633289315908,0.02625324078271718,7.020327326685136
"Ruy Lopez: Morphy Defense, Classical Defense Deferred",C70,39525,0.0001914163485252696,0.09173940543959519,0.08161922833649589,white,0.09173940543959519,0.48724760892667374,0.5111144263762495,0.02386681744957575,8.561059667100588
"Ruy Lopez: Morphy Defense, Cozio Defense",C70,5411,2.620503129336455e-05,0.07983736832378488,0.05377933838477176,white,0.07983736832378488,0.4932692307692308,0.5449358059914408,0.051666575222209965,10.549559131535526
"Ruy Lopez: Morphy Defense, Graz Variation",C70,42029,0.00020354301612064658,0.09907444859501773,0.0826810059720669,white,0.09907444859501773,0.48346456692913387,0.5243489307643447,0.04088436383521088,8.499633193991292
"Ruy Lopez: Morphy Defense, Jaffe Gambit",C74,11233,5.440050203628978e-05,0.10869758746550343,0.07940888453663314,white,0.10869758746550343,0.4696969696969697,0.5080459770114942,0.03834900731452451,9.819137175536692
"Ruy Lopez: Morphy Defense, Mackenzie Variation",C77,11432,5.5364242791673174e-05,0.15237928621413577,0.0705038488453464,white,0.15237928621413577,0.5754684838160137,0.4993324432576769,-0.07613604055833678,9.801576609568558
"Ruy Lopez: Morphy Defense, Modern Steinitz Defense",C72,68585,0.0003321515563214577,0.08201501786104834,0.061194138660056865,white,0.08201501786104834,0.46933891714029313,0.5217521932460041,0.05241327610571095,8.009919198265754
"Ruy Lopez: Morphy Defense, Modern Steinitz Defense #2",C71,27846,0.00013485590489651253,0.07580981110392875,0.05268261150614092,white,0.07580981110392875,0.4572573463935886,0.5416768516255195,0.08441950523193087,8.91130372070903
"Ruy Lopez: Morphy Defense, Neo-Arkhangelsk Variation",C78,48728,0.00023598572627297503,0.1128098834345756,0.07818913150549991,white,0.1128098834345756,0.5259515570934256,0.5255570117955439,-0.0003945452978816322,8.351739236661942
"Ruy Lopez: Morphy Defense, Norwegian Variation",C70,15804,7.653748189989528e-05,0.10244241964059732,0.07143761073146039,white,0.10244241964059732,0.40729001584786056,0.5332673267326733,0.12597731088481273,9.47772997764698
"Ruy Lopez: Morphy Defense, Steinitz Deferred",C79,29947,0.00014503087638927892,0.08261261562093031,0.05736801682973253,white,0.08261261562093031,0.5278667520819987,0.5237388724035609,-0.004127879678437862,8.838563897596618
"Ruy Lopez: Morphy Defense, Tarrasch Variation",C77,68135,0.0003299722430555154,0.10285462684376605,0.08170543773391062,white,0.10285462684376605,0.4708771929824561,0.5220970699397522,0.05121987695729613,8.016502018994341
"Ruy Lopez: Morphy Defense, Wormald Attack",C77,11084,5.3678907199344425e-05,0.06378563695416817,0.04321544568747745,white,0.06378563695416817,0.5116417910447761,0.5232198142414861,0.011578023196709974,9.832490423195393
Ruy Lopez: Nuernberg Variation,C60,87518,0.00042384252979720547,0.11301675083982723,0.0761900409058708,white,0.11301675083982723,0.5555555555555556,0.5276083467094703,-0.02794720884608526,7.766148563703124
"Ruy Lopez: Open Variations, Open Variation",C80,15277,7.398526391955834e-05,0.12620278850559666,0.10165608430974668,white,0.12620278850559666,0.41753554502369666,0.5599402092675635,0.14240466424386683,9.51164462081254
Ruy Lopez: Rotary-Albany Gambit,C60,9540,4.620144123797779e-05,0.14769392033542977,0.09255765199161425,white,0.14769392033542977,,0.548338081671415,,9.98249956473593
Ruy Lopez: Schliemann Defense,C63,33428,0.00016188907523093516,0.08436041641737466,0.10287782697140122,black,0.10287782697140122,0.5030880918842778,0.4835651074589128,-0.019522984425365042,8.728599178056935
"Ruy Lopez: Schliemann Defense, Dyckhoff Variation",C63,11652,5.6429684832800546e-05,0.11817713697219362,0.11088225197391006,white,0.11817713697219362,0.4668769716088328,0.501577287066246,0.034700315457413256,9.782515211098936
"Ruy Lopez: Schliemann Defense, Exchange Variation",C63,23166,0.0001121910469307121,0.09574376241042908,0.1722783389450056,black,0.1722783389450056,0.4918856259659969,0.47279029462738303,-0.019095331338613852,9.09530736368597
"Ruy Lopez: Schliemann Defense, Jaenisch Gambit Accepted",C60,25151,0.00012180423989270223,0.09772971253628086,0.1622201900520854,black,0.1622201900520854,0.5244527247321844,0.4580152671755725,-0.0664374575566119,9.01309539300943
"Ruy Lopez: Schliemann Defense, Schoenemann Attack",C63,5410,2.620018837499579e-05,0.12310536044362293,0.12273567467652495,white,0.12310536044362293,0.44885057471264367,0.4580152671755725,0.009164692462928836,10.549743957337734
Ruy Lopez: Spanish Countergambit,C60,31061,0.00015042588745207841,0.16641447474324716,0.12237210650011268,white,0.16641447474324716,,0.5386685624333519,,8.802040037243694
Ruy Lopez: Steinitz Defense,C62,1094639,0.005301247320261926,0.08486816201505702,0.06425040584156055,white,0.08486816201505702,0.5317034386801829,0.5064123243029724,-0.025291114377210433,5.239813142667339
Ruy Lopez: Vinogradov Variation,C60,15193,7.357845877658244e-05,0.11215691436845916,0.0805634173632594,white,0.11215691436845916,,0.5260699216395419,,9.517158254734495
Réti Opening,A06,255931,0.0012394529410353137,0.08677729544291235,0.0728751108697266,white,0.08677729544291235,0.4951742429823915,0.4785399853264857,-0.016634257655905815,6.693085173296637
Réti Opening #2,A04,199512,0.0009662203295881997,0.06521913468864028,0.05321985644973736,white,0.06521913468864028,0.49429997979739676,0.4800095517500171,-0.014290428047379677,6.942118665299228
Réti Opening: Advance Variation,A09,65762,0.00031847999776644605,0.07492168729661507,0.06503755968492442,white,0.07492168729661507,0.5189364794391724,0.4854835188823401,-0.033452960556832334,8.05195088628538
"Réti Opening: Anglo-Slav Variation, Bogoljubov Variation, III",A12,6402,3.100436339680648e-05,0.05388940955951265,0.04139331458919088,white,0.05388940955951265,0.5065527065527066,0.475,-0.03155270655270659,10.381382608648453
"Réti Opening: Anglo-Slav Variation, Bogoljubov Variation, Stonewall Line",A12,11730,5.680743246556388e-05,0.03640238704177323,0.01875532821824382,white,0.03640238704177323,0.5101143359718557,0.36363636363636365,-0.1464779723354921,9.77584338753074
Réti Opening: Reversed Blumenfeld Gambit,A09,8988,4.352815029842184e-05,0.1041388518024032,0.07020471740097908,white,0.1041388518024032,0.5467811158798284,0.4697986577181208,-0.07698245816170757,10.042102695873043
Réti Opening: Réti Accepted,A09,101527,0.0004916869732251751,0.13159061136446462,0.07163611650102929,white,0.13159061136446462,0.5329237189891027,0.5355430352433469,0.002619316254244164,7.6176682772364135
Saragossa Opening,A00,495289,0.002398644195945155,0.07514400683237464,0.06935344818883521,white,0.07514400683237464,0.48123186788663247,0.48114565447703944,-8.621340959302781e-05,6.032851619610917
Scandinavian Defense,B01,2292613,0.011102937610159746,0.09033578715640189,0.09647419778218129,black,0.09647419778218129,0.4532847948058772,0.49166330010480536,0.03837850529892817,4.500545556113426
Scandinavian Defense: 2.b3,B01,6199,3.0021250967948042e-05,0.10437167285045976,0.11598644942732698,black,0.11598644942732698,0.4452054794520548,0.5105051408135897,0.06529966136153487,10.413605061476343
Scandinavian Defense: Anderssen Counterattack,B01,14251,6.901642967320979e-05,0.14693705704862817,0.10188758683601151,white,0.14693705704862817,0.458980044345898,0.5529869067103109,0.09400686236441291,9.58116597050505
"Scandinavian Defense: Anderssen Counterattack, Goteborg System",B01,7181,3.477699680607112e-05,0.180894025901685,0.12296337557443253,white,0.180894025901685,,0.5514293347582153,,10.266554401067944
Scandinavian Defense: Blackburne Gambit,B01,137750,0.0006671120052967967,0.07571687840290381,0.10068239564428312,black,0.10068239564428312,0.4717700391510406,0.46733437822546736,-0.004435660925573237,7.312552602163101
Scandinavian Defense: Blackburne-Kloosterboer Gambit,B01,117429,0.0005686990611252089,0.08480017712830731,0.10327942842057754,black,0.10327942842057754,0.4751908396946565,0.4582971130530265,-0.01689372664162997,7.4721591545668815
Scandinavian Defense: Boehnke Gambit,B01,102376,0.0004957986109202531,0.07272212237243104,0.10986950066421818,black,0.10986950066421818,0.4552211073950204,0.4765050212126094,0.021283913817588984,7.60934074006083
Scandinavian Defense: Bronstein Variation,B01,16619,8.04844603704353e-05,0.08544437090077622,0.07840423611528972,white,0.08544437090077622,0.44742522355843356,0.47362250879249707,0.026197285234063505,9.427446431050738
Scandinavian Defense: Classical Variation,B01,13051,6.320492763069687e-05,0.08436135162056548,0.07715883840318749,white,0.08436135162056548,0.4684521107580572,0.46942800788954636,0.0009758971314891562,9.669128291010734
Scandinavian Defense: Gubinsky-Melts Defense,B01,273720,0.0013256036158971992,0.10751497881046325,0.07505480052608506,white,0.10751497881046325,0.46394636172925835,0.5310394679774468,0.06709310624818848,6.625887364111827
Scandinavian Defense: Icelandic-Palme Gambit,B01,135966,0.0006584722389269274,0.0736654751923275,0.1485959725225424,black,0.1485959725225424,0.5058677499435793,0.5392582438504303,0.033390493906851004,7.325588195715282
Scandinavian Defense: Kiel Variation,B01,14557,7.049836269405059e-05,0.0739850243868929,0.16019784296214878,black,0.16019784296214878,0.47892888498683056,0.445859872611465,-0.03306901237536558,9.559921072613601
Scandinavian Defense: Kloosterboer Gambit,B01,53966,0.000261352932688544,0.0726939183930623,0.1376978097320535,black,0.1376978097320535,0.4794714487966022,0.49837662337662336,0.018905174580021167,8.249638831561457
Scandinavian Defense: Lasker Variation,B01,14513,7.028527428582511e-05,0.120374836353614,0.08750775167091573,white,0.120374836353614,0.5460057061340942,0.5533980582524272,0.007392352118333001,9.5629482507079
Scandinavian Defense: Main Line,B01,941326,0.004558764976392105,0.08690719261977253,0.09578721930553283,black,0.09578721930553283,0.46950691226880625,0.46636229111776806,-0.003144621151038196,5.390703530649719
"Scandinavian Defense: Main Line, Leonhardt Gambit",B01,28476,0.00013790694346883182,0.1944795617361989,0.07234162101418738,white,0.1944795617361989,0.5371679259078723,0.5434560327198364,0.006288106811964123,8.888931422954498
"Scandinavian Defense: Main Line, Mieses Variation",B01,151356,0.0007330047526221558,0.09252358677554903,0.11359972515129893,black,0.11359972515129893,0.4868563197695355,0.4884000300322847,0.0015437102627492427,7.218358372303069
Scandinavian Defense: Marshall Variation,B01,122591,0.0005936982057447521,0.07824391676387336,0.06980936610354757,white,0.07824391676387336,0.4738938595416105,0.5031483667847304,0.029254507243119898,7.429139438850284
Scandinavian Defense: Mieses-Kotroc Variation,B01,3635376,0.01760582920775207,0.10264137739810132,0.06994104598809037,white,0.10264137739810132,0.4796345521903845,0.5379879534024111,0.058353401212026645,4.039525226788381
Scandinavian Defense: Modern Variation,B01,68552,0.0003319917400152886,0.0824191854358735,0.0913321274361069,black,0.0913321274361069,0.4613775976996471,0.44359400998336107,-0.01778358771628602,8.010400468829307
Scandinavian Defense: Modern Variation #2,B01,945131,0.00457719228078524,0.08388678394846852,0.101722406735151,black,0.101722406735151,0.45503208825008135,0.4840600894509807,0.029028001200899378,5.386669507971224
"Scandinavian Defense: Modern Variation, Gipslis Variation",B01,44841,0.0002171613025736019,0.07845498539283245,0.06737137887201446,white,0.07845498539283245,0.49364896073903003,0.5276305828917487,0.03398162215271866,8.434870150724338
Scandinavian Defense: Panov Transfer,B01,129922,0.0006292016403061373,0.059320207509120856,0.13434214374778713,black,0.13434214374778713,0.5202231520223152,0.5315870570107858,0.011363904988470619,7.371058779812575
Scandinavian Defense: Portuguese Variation,B01,49810,0.00024122576394797418,0.0753061634209998,0.1430034129692833,black,0.1430034129692833,0.5166714573153205,0.4731934731934732,-0.04347798412184728,8.329777283110932
Scandinavian Defense: Richter Variation,B01,15239,7.380123302154544e-05,0.049543933328958595,0.05932147778725638,black,0.05932147778725638,0.454347299588278,0.47540983606557374,0.021062536477295724,9.514135118888401
Scandinavian Defense: Schiller-Pytel Variation,B01,15737,7.621300636918831e-05,0.0750460697718752,0.05255131219419203,white,0.0750460697718752,0.4851618705035971,0.5401594114040466,0.05499754090044945,9.481978422577397
Scotch Gambit,C44,17392,8.42280362694874e-05,0.2012994480220791,0.07468951241950322,white,0.2012994480220791,0.5450980392156862,0.541726618705036,-0.0033714205106502027,9.381982719817271
Scotch Game,C45,2214690,0.0107255628821108,0.12779802139351332,0.08197535546735661,white,0.12779802139351332,0.5227780074410914,0.5331661646626729,0.010388157221581484,4.535125332364756
Scotch Game #3,C45,33728,0.0001633419507415634,0.20783918406072105,0.12319141366223908,white,0.20783918406072105,0.43596059113300495,0.47391649748433223,0.037955906351327284,8.719664697277228
Scotch Game: Alekhine Gambit,C45,6601,3.196810415218987e-05,0.12331464929556128,0.17103469171337676,black,0.17103469171337676,,0.5335463258785943,,10.35077189748949
Scotch Game: Benima Defense,C44,95059,0.00046036297721603045,0.14596198150622244,0.08007658401624254,white,0.14596198150622244,0.5177293934681182,0.5382775119617225,0.020548118493604273,7.6834952987373795
Scotch Game: Blumenfeld Attack,C45,11399,5.5204426485504067e-05,0.22352837968242828,0.07763838933239758,white,0.22352837968242828,0.6317321688500728,0.5338345864661654,-0.09789758238390733,9.804467417941483
Scotch Game: Classical Variation,C45,387472,0.0018764952661804747,0.10899626295577487,0.10124860635091051,white,0.10899626295577487,0.4938293370944993,0.4873637872555387,-0.0064655498389605826,6.278349462077979
"Scotch Game: Classical Variation, Intermezzo Variation",C45,81312,0.00039378737840067607,0.10508903974813066,0.1568772136953955,black,0.1568772136953955,0.4317502986857826,0.5682679504250743,0.1365176517392917,7.839699443058371
Scotch Game: Ghulam-Kassim Variation,C45,14955,7.242584420481738e-05,0.11668338348378468,0.08244734202607823,white,0.11668338348378468,,0.5017559262510974,,9.532947358114214
Scotch Game: Göring Gambit,C44,60305,0.0002920521922281185,0.1269878119558909,0.07314484702760965,white,0.1269878119558909,0.5086767895878525,0.49153721307674475,-0.0171395765111077,8.138578031160918
"Scotch Game: Göring Gambit, Bardeleben Variation",C44,14455,7.000438502043699e-05,0.18574887582151506,0.07333102732618471,white,0.18574887582151506,0.5296262534184139,0.5340957221516307,0.0044694687332168526,9.566952674727816
"Scotch Game: Göring Gambit, Double Pawn Sacrifice",C44,106231,0.0005144680612318258,0.1940299912454933,0.07361316376575576,white,0.1940299912454933,0.5222648752399233,0.5711199545196134,0.04885507927969013,7.572377081911844
"Scotch Game: Göring Gambit, Main Line",C44,17865,8.651873665791124e-05,0.15975370836831795,0.0723761544920235,white,0.15975370836831795,0.5385259631490787,0.5076923076923077,-0.03083365545677108,9.355149558720752
Scotch Game: Haxo Gambit,C45,124824,0.0006045124424621949,0.15752579632122027,0.0853441645837339,white,0.15752579632122027,0.5117013639626705,0.5120032551200325,0.0003018911573620109,7.411088305057244
Scotch Game: Lolli Variation,C44,78304,0.00037921987994744366,0.15280190028606458,0.09028912954638332,white,0.15280190028606458,0.5347043701799485,0.5451648876851999,0.010460517505251343,7.877394362935863
Scotch Game: Malaniuk Variation,C45,31212,0.0001511571681257613,0.10845187748301935,0.09586056644880174,white,0.10845187748301935,0.43782004389173373,0.5213317384370016,0.08351169454526791,8.79719041394161
Scotch Game: Mieses Variation,C45,55851,0.000270481833813658,0.10390145207785,0.09801077867898515,white,0.10390145207785,0.4632337580948402,0.5182854226909338,0.05505166459609362,8.215305619738254
Scotch Game: Modern Defense,C45,20835,0.00010090220421313073,0.1156227501799856,0.13837293016558674,black,0.13837293016558674,0.4439481911567664,0.582901554404145,0.13895336324737861,9.201358785321707
Scotch Game: Paulsen Attack,C45,7986,3.8675546092923545e-05,0.07663410969196092,0.0810167793638868,black,0.0810167793638868,0.4750733137829912,0.4839609483960948,0.008887634613103601,10.160303041555094
Scotch Game: Potter Variation,C45,41033,0.00019871946942536087,0.06943192064923355,0.07725489240367509,black,0.07725489240367509,0.4313041230451079,0.47058823529411764,0.03928411224900974,8.52361642918367
Scotch Game: Relfsson Gambit,C44,15571,7.540908191997401e-05,0.1108470875345193,0.09620448269218419,white,0.1108470875345193,0.523224043715847,0.4722607489597781,-0.050963294756068866,9.492582840336837
Scotch Game: Schmidt Variation,C45,256138,0.0012404554251376472,0.10370971897961255,0.11238473010642701,black,0.11238473010642701,0.4561225706450459,0.48027406688984137,0.024151496244795456,6.692276688458557
Scotch Game: Scotch Gambit,C44,182649,0.0008845541971357867,0.15155297866399486,0.07182081478683157,white,0.15155297866399486,0.5268347478781827,0.5545778426406833,0.027743094762500586,7.030426771921915
"Scotch Game: Scotch Gambit, Advance Variation",C45,106231,0.0005144680612318258,0.11736687031092619,0.10254068962920428,white,0.11736687031092619,0.47108083966056274,0.5666711790984161,0.09559033943785339,7.572377081911844
"Scotch Game: Scotch Gambit, Cochrane-Anderssen Variation",C44,10488,5.0792527851563e-05,0.09191456903127383,0.15865751334858885,black,0.15865751334858885,0.5283540802213001,0.5195729537366548,-0.008781126484645352,9.887761303734726
"Scotch Game: Scotch Gambit, Dubois Réti Defense",C44,77134,0.0003735536654559936,0.1426608240205357,0.1237067959654627,white,0.1426608240205357,0.4369565217391304,0.48887991927346114,0.05192339753433073,7.892448881099658
"Scotch Game: Scotch Gambit, Göring Gambit Declined",C44,15697,7.601928963443787e-05,0.10288590176466841,0.09485889023380263,white,0.10288590176466841,0.4669887278582931,0.4425531914893617,-0.02443553636893142,9.484523438903055
"Scotch Game: Scotch Gambit, Kingside Variation",C45,21391,0.00010359486682616172,0.21579168809312327,0.11042027020709644,white,0.21579168809312327,0.466798810703667,0.5345288057993133,0.06772999509564626,9.175022777376457
"Scotch Game: Scotch Gambit, London Defense",C44,15946,7.722517630825931e-05,0.1686316317571805,0.09036749027969397,white,0.1686316317571805,0.5252133436772692,0.5492327365728901,0.024019392895620828,9.46878503611582
"Scotch Game: Scotch Gambit, Sarratt Variation",C44,43025,0.00020836656281593232,0.14719349215572342,0.11497966298663567,white,0.14719349215572342,0.5420974889217134,0.5058986814712005,-0.03619880745051285,8.476211708098521
Scotch Game: Steinitz Variation,C45,22049,0.00010678150711280632,0.08159100185949476,0.1258560478933285,black,0.1258560478933285,0.5220804710500491,0.5537786948671654,0.03169822381711629,9.144725800805602
Semi-Benoni,A44,36700,0.00017773510413352043,0.06411444141689374,0.0514441416893733,white,0.06411444141689374,0.5043290043290043,0.515629522431259,0.011300518102254742,8.6352162951356
Semi-Slav Defense,D43,318081,0.001540440317653796,0.060346264001936614,0.03833614708203256,white,0.060346264001936614,0.5070127122508161,0.5171077333010355,0.010095021050219422,6.475686982869679
Semi-Slav Defense Accepted,D44,11868,5.7475755200452874e-05,0.08097404785979104,0.07077856420626896,white,0.08097404785979104,0.4553304549983394,0.5107296137339056,0.05539915873556617,9.76414734776755
Semi-Slav Defense: Accelerated Meran Variation,D45,11222,5.434722993423341e-05,0.04580288718588487,0.03751559436820531,white,0.04580288718588487,0.49223119950279676,0.5065502183406113,0.014319018837814557,9.820116912867345
Semi-Slav Defense: Accelerated Move Order,D31,322790,0.0015632456202522903,0.05827318070572199,0.04822949905511323,white,0.05827318070572199,0.4958851533380079,0.5151643345265213,0.019279181188513406,6.4609910932145125
Semi-Slav Defense: Anti-Moscow Gambit,D44,17330,8.392777533062422e-05,0.0773802654356607,0.04679746105020196,white,0.0773802654356607,0.48602988953866144,0.554016620498615,0.06798673095995356,9.38555394646861
Semi-Slav Defense: Bogoljubov Variation,D46,12287,5.9504937996963635e-05,0.05225034589403434,0.03214779848620493,white,0.05225034589403434,0.5132218024824609,0.4843373493975904,-0.028884453084870476,9.729451257310691
Semi-Slav Defense: Botvinnik Variation,D44,7313,3.5416262030747544e-05,0.09859154929577464,0.05797894161083003,white,0.09859154929577464,0.5172910662824207,0.5828877005347594,0.06559663425233864,10.24833946390731
Semi-Slav Defense: Chigorin Defense,D46,18049,8.740983363776322e-05,0.06609784475594216,0.06244113247271317,white,0.06609784475594216,0.49155489319423745,0.5066371681415929,0.015082274947355423,9.344902768614013
Semi-Slav Defense: Main Line,D45,178266,0.0008633276859255082,0.06011241627679984,0.044226044226044224,white,0.06011241627679984,0.5135254336959718,0.5239834559810925,0.010458022285120716,7.054716233359221
Semi-Slav Defense: Marshall Gambit,D31,62360,0.00030200438947592187,0.08595253367543297,0.04475625400898012,white,0.08595253367543297,0.5365356293191345,0.5297752808988764,-0.006760348420258078,8.105069006006548
Semi-Slav Defense: Meran Variation,D47,12036,5.828936548640468e-05,0.04120970422067132,0.045031571950814225,black,0.045031571950814225,0.4762182667055734,0.4900662251655629,0.01384795845998954,9.750090891428325
"Semi-Slav Defense: Meran Variation, Wade Variation",D47,5820,2.8185784906187706e-05,0.047079037800687284,0.04484536082474227,white,0.047079037800687284,0.471313672922252,0.46875,-0.002563672922252014,10.476692788452779
Semi-Slav Defense: Normal Variation,D45,33428,0.00016188907523093516,0.05124446571736269,0.053876989350245305,black,0.053876989350245305,0.46481643356643354,0.4571611253196931,-0.007655308246740433,8.728599178056935
Semi-Slav Defense: Noteboom Variation,D31,50581,0.00024495965401028874,0.07823095628793421,0.05379490322453095,white,0.07823095628793421,0.4582873205501456,0.5431328036322361,0.08484548308209056,8.314417038489403
Semi-Slav Defense: Quiet Variation #2,D30,8313,4.0259180399508315e-05,0.06387585709130278,0.032719836400818,white,0.06387585709130278,0.5290941811637673,0.5488372093023256,0.019743028138558327,10.120172495647173
Semi-Slav Defense: Romih Variation,D46,5206,2.5212233027768592e-05,0.072992700729927,0.040145985401459854,white,0.072992700729927,0.5829787234042553,0.5606326889279437,-0.02234603447631156,10.588181243623751
Semi-Slav Defense: Stoltz Variation,D45,11129,5.389683852593866e-05,0.055081319076287175,0.04160301913918591,white,0.055081319076287175,0.49094874591057797,0.5714285714285714,0.08047982551799343,9.828438736204836
Sicilian Defense,B50,2846828,0.013786955613902498,0.0851540732351937,0.07197976133436934,white,0.0851540732351937,0.47251377210785733,0.4736905451631973,0.0011767730553399747,4.284032379214488
Sicilian Defense #2,B54,412588,0.0019981300039302705,0.08245998429425964,0.06760497154546424,white,0.08245998429425964,0.5066588096641131,0.49266982981504104,-0.013988979849072103,6.215543533840376
Sicilian Defense: Accelerated Dragon,B36,171750,0.000831771229834663,0.07871906841339156,0.08746433770014556,black,0.08746433770014556,0.48674042852125043,0.5022997431455708,0.015559314624320364,7.091953119093666
"Sicilian Defense: Accelerated Dragon, Exchange Variation",B34,100168,0.00048510544716202925,0.08363948566408434,0.07977597635971567,white,0.08363948566408434,0.4509505703422053,0.4479974671521292,-0.002953103190076134,7.631144273829478
"Sicilian Defense: Accelerated Dragon, Maróczy Bind",B38,80950,0.0003920342419511847,0.06271772699197035,0.05818406423718345,white,0.06271772699197035,0.47875839077352794,0.47342995169082125,-0.005328439082706693,7.844161370072481
"Sicilian Defense: Accelerated Dragon, Maróczy Bind, Breyer Variation",B39,9272,4.49035391151499e-05,0.04195427092320966,0.055220017256255395,black,0.055220017256255395,0.45622003532677263,0.5,0.04377996467322737,10.010993944158674
"Sicilian Defense: Accelerated Dragon, Maróczy Bind, Gurgenidze Variation",B36,6268,3.0355412335392535e-05,0.04674537332482451,0.0652520740268028,black,0.0652520740268028,0.4712108382726503,0.5140845070422535,0.04287366876960319,10.40253572570235
"Sicilian Defense: Accelerated Dragon, Modern Bc4 Variation",B35,70545,0.0003416436763242288,0.06824013041321142,0.08113969806506485,black,0.08113969806506485,0.4512537515732404,0.49690880989180836,0.045655058318567976,7.981742246131004
"Sicilian Defense: Accelerated Dragon, Modern Variation",B34,251024,0.0012156887405998047,0.08552170310408566,0.0900073299764166,black,0.0900073299764166,0.4780137709934788,0.4824615702053028,0.004447799211823977,6.712444498105525
"Sicilian Defense: Accelerated Fianchetto, Maróczy Bind, 5...Bg7",B37,15081,7.303605191928124e-05,0.05947881440222797,0.08772627809826934,black,0.08772627809826934,0.438778535428402,0.534010152284264,0.09523161685586196,9.524557376817578
Sicilian Defense: Alapin Variation,B22,821261,0.003977299982446843,0.08529566118444684,0.0604679876433923,white,0.08529566118444684,0.4922780461920854,0.5027561178503195,0.010478071658234112,5.527152086270872
"Sicilian Defense: Alapin Variation, Barmen Defense",B22,89837,0.0004350732574943617,0.08981822634326614,0.061299909836704254,white,0.08981822634326614,0.4893355209187859,0.4638329604772558,-0.025502560441530098,7.739996133021616
"Sicilian Defense: Alapin Variation, Barmen Defense, Central Exchange",B22,34448,0.00016682885196707116,0.19960520204366,0.04505341384115188,white,0.19960520204366,0.5776229741256753,0.533066132264529,-0.04455684186114628,8.698542109574117
"Sicilian Defense: Alapin Variation, Barmen Defense, Modern Line",B22,14059,6.808658934640773e-05,0.08279393982502312,0.05099935984067146,white,0.08279393982502312,0.5273733852778347,0.3055555555555556,-0.22181782972227915,9.594730290098354
"Sicilian Defense: Alapin Variation, Sherzer Variation",B22,11748,5.6894604996201575e-05,0.11491317671092952,0.06094654409261151,white,0.11491317671092952,0.5336225596529284,0.5057549085985105,-0.027867651054417908,9.77431003685975
"Sicilian Defense: Alapin Variation, Smith-Morra Declined",B22,86010,0.0004165394088971142,0.07622369491919544,0.05578421113823974,white,0.07622369491919544,0.47571473018287413,0.497737556561086,0.022022826378211846,7.783529481632737
Sicilian Defense: Boleslavsky Variation,B59,12313,5.963085387455142e-05,0.043368797206204825,0.046617396247868106,black,0.046617396247868106,0.4638258736971183,0.46502057613168724,0.0011947024345689283,9.72733743538539
Sicilian Defense: Bowdler Attack,B20,2572245,0.012457172559453058,0.08946076287445402,0.07311006533203486,white,0.08946076287445402,0.4685184700369139,0.4783329068667714,0.009814436829857498,4.385458712765595
Sicilian Defense: Buecker Variation,B27,11323,5.483636468947825e-05,0.1062439282875563,0.06915128499514263,white,0.1062439282875563,0.5225464190981433,0.5149476831091181,-0.007598735989025163,9.811156994864222
"Sicilian Defense: Canal Attack, Main Line",B52,181627,0.0008796047345629132,0.06635577309540983,0.05016875244319402,white,0.06635577309540983,0.4969062886713916,0.48035729054668763,-0.01654899812470395,7.036037916666375
Sicilian Defense: Canal-Sokolsky Attack,B51,128277,0.0006212350395895258,0.07177436329193854,0.05378204978289171,white,0.07177436329193854,0.4898698997059653,0.4865489701555275,-0.003320929550437779,7.383801061987011
"Sicilian Defense: Canal-Sokolsky Attack, Sokolsky Variation",B52,9923,4.8056278973213164e-05,0.04504686082837851,0.038093318552857,white,0.04504686082837851,0.5022488755622189,0.5581395348837209,0.055890659321502056,9.94313775526402
Sicilian Defense: Chekhover Variation,B53,145449,0.0007043976338178859,0.0945004778307173,0.06395368823436394,white,0.0945004778307173,0.5032437442075997,0.48376986792030446,-0.01947387628729519,7.258167540493399
Sicilian Defense: Classical Variation,B56,175806,0.0008514141067383568,0.07565157048109848,0.07235816752556795,white,0.07565157048109848,0.4552317513183458,0.4908129327735674,0.0355811814552216,7.06861193583462
Sicilian Defense: Closed,B23,345045,0.0016710247685490613,0.07068063585909085,0.06735643176976916,white,0.07068063585909085,0.48577064586196195,0.47459608843537415,-0.011174557426587794,6.394318206888033
Sicilian Defense: Closed #2,B24,107876,0.0005224346619484373,0.05040972968964366,0.03802513997552746,white,0.05040972968964366,0.5025084123585194,0.5207591933570581,0.018250780998538718,7.557010630847087
Sicilian Defense: Closed Variation,B23,716483,0.003469868681604826,0.0808546748492288,0.056877832411934406,white,0.0808546748492288,0.5092345679012346,0.486716547386684,-0.02251802051455054,5.663638529657386
"Sicilian Defense: Closed Variation, Chameleon Variation",B23,18907,9.156505759815996e-05,0.058073729306606016,0.04421642777807162,white,0.058073729306606016,0.5193084867534801,0.4821917808219178,-0.037116705931562244,9.298460826330333
"Sicilian Defense: Closed Variation, Fianchetto Variation",B24,79241,0.0003837576944589725,0.05396196413472824,0.04442144849257329,white,0.05396196413472824,0.5192115959812869,0.4852448021462106,-0.03396679383507628,7.86549920855646
"Sicilian Defense: Closed Variation, Korchnoi Defense",B23,17239,8.3487069759067e-05,0.05812402111491386,0.05719589303323859,white,0.05812402111491386,0.4905170692753045,0.43155452436194897,-0.05896254491335551,9.390818791283284
"Sicilian Defense: Closed Variation, Traditional",B25,520778,0.002522085342246499,0.0813052778727212,0.06793681760750261,white,0.0813052778727212,0.4999073215940686,0.4750011122480758,-0.024906209345992802,5.982669202897546
Sicilian Defense: Delayed Alapin,B50,343737,0.0016646902313227224,0.08040740449820648,0.04708832624942907,white,0.08040740449820648,0.4923934004713949,0.5099441409367135,0.01755074046531857,6.398116220112287
Sicilian Defense: Delayed Alapin Variation,B40,248788,0.0012048599751272556,0.0714423525250414,0.05372445616348055,white,0.0714423525250414,0.48334655035685964,0.5050361976707586,0.02168964731389894,6.721391922005531
Sicilian Defense: Dragon Variation,B70,146665,0.000710286622554299,0.06838714076296322,0.08766917805884157,black,0.08766917805884157,0.5050979241546248,0.49639336378937243,-0.008704560365252412,7.249841975652858
"Sicilian Defense: Dragon Variation, Classical Variation",B73,13398,6.488542030465686e-05,0.055978504254366325,0.05135094790267204,white,0.055978504254366325,0.47771921418303787,0.5020242914979757,0.024305077314937806,9.64288760811005
"Sicilian Defense: Dragon Variation, Classical Variation #2",B72,23413,0.00011338724776779602,0.058514500491180114,0.05723316106436595,white,0.058514500491180114,0.4722036168787676,0.472289156626506,8.553974773839457e-05,9.084701626540769
"Sicilian Defense: Dragon Variation, Classical Variation, Battery Variation",B73,6148,2.9774262131141242e-05,0.04619388418998048,0.05969420949902407,black,0.05969420949902407,0.4813397129186603,0.46308724832214765,-0.01825246459651264,10.421866224519775
"Sicilian Defense: Dragon Variation, Fianchetto Variation",B70,6635,3.213276337672774e-05,0.046119065561416726,0.06149208741522231,black,0.06149208741522231,0.43523573200992555,0.45426829268292684,0.019032560673001298,10.345634382411953
"Sicilian Defense: Dragon Variation, Levenfish Variation",B71,16850,8.160317451361905e-05,0.1744213649851632,0.0772106824925816,white,0.1744213649851632,0.550233039875712,0.45979614949037373,-0.09043689038533831,9.413642393397755
"Sicilian Defense: Dragon Variation, Modern Bc4 Variation",B35,27206,0.00013175643714050564,0.06450782915533339,0.06969050944644564,black,0.06969050944644564,0.44571428571428573,0.5154251316779533,0.06971084596366761,8.934555512984886
"Sicilian Defense: Dragon Variation, Yugoslav Attack",B76,41114,0.00019911174581323048,0.0590309870117235,0.047356131731283745,white,0.0590309870117235,0.47411900031370907,0.5782493368700266,0.10413033655631748,8.521644354092643
"Sicilian Defense: Dragon Variation, Yugoslav Attack #2",B77,10190,4.934933817767229e-05,0.058096172718351324,0.07644749754661433,black,0.07644749754661433,0.49815225424981524,0.419811320754717,-0.07834093349509824,9.916586202961492
"Sicilian Defense: Dragon Variation, Yugoslav Attack, Belezky Line",B76,23453,0.00011358096450254644,0.06928751119259796,0.05479043192768516,white,0.06928751119259796,0.5295060936497755,0.5291576673866091,-0.00034842626316644587,9.082994631716684
"Sicilian Defense: Dragon Variation, Yugoslav Attack, Early Deviations",B75,8117,3.9309968399231206e-05,0.0719477639521991,0.04188739682148577,white,0.0719477639521991,0.49019607843137253,0.5983263598326359,0.1081302814012634,10.144032422417085
"Sicilian Defense: Dragon Variation, Yugoslav Attack, Main Line",B77,19996,9.683899570174044e-05,0.08226645329065813,0.03645729145829166,white,0.08226645329065813,0.5621428571428572,0.5987261146496815,0.03658325750682434,9.242460796644801
"Sicilian Defense: Dragon Variation, Yugoslav Attack, Modern Line",B76,62363,0.0003020189182310282,0.06433301797540208,0.061671183233648154,white,0.06433301797540208,0.4735727943184922,0.6392294220665499,0.16565662774805767,8.105020899402305
"Sicilian Defense: Dragon Variation, Yugoslav Attack, Old Line",B78,14169,6.861931036697141e-05,0.032324087797303974,0.05427341379066977,black,0.05427341379066977,0.5021331058020477,0.375,-0.12713310580204773,9.586936570614036
"Sicilian Defense: Dragon Variation, Yugoslav Attack, Panov Variation",B76,11428,5.534487111819813e-05,0.058540427021351066,0.06422821141057053,black,0.06422821141057053,0.44726339794754844,0.4098360655737705,-0.03742733237377793,9.801926565827598
"Sicilian Defense: Dragon, 6.Be3",B72,37505,0.00018163365342037285,0.06825756565791227,0.09273430209305426,black,0.09273430209305426,0.5027973729019704,0.4753794890781192,-0.02741788382385113,8.613518792774524
"Sicilian Defense: Dragon, Classical Attack",B72,22462,0.00010878163239910452,0.057652924939898494,0.05471462915145579,white,0.057652924939898494,0.4597306575125429,0.5066666666666667,0.046936009154123826,9.12616805765528
"Sicilian Defense: Dragon, Classical, Amsterdam Variation",B72,6746,3.267032731566018e-05,0.07041209605692263,0.06507560035576639,white,0.07041209605692263,0.49173553719008267,0.5220588235294118,0.030323286339329125,10.329043313556665
"Sicilian Defense: Dragon, Classical, Grigoriev Variation",B72,6087,2.9478844110646833e-05,0.05651388204369969,0.07359947428946936,black,0.07359947428946936,0.4762386248736097,0.4175824175824176,-0.058656207291192086,10.431837700684337
Sicilian Defense: Drazic Variation,B40,59790,0.0002895580892682067,0.08195350393042315,0.07686904164576017,white,0.08195350393042315,0.4946031746031746,0.5013223140495868,0.006719139446412226,8.147154627303312
Sicilian Defense: Flohr Variation,B32,15434,7.47456021034538e-05,0.10625890890242322,0.10224180380977063,white,0.10625890890242322,0.4782608695652174,0.4990421455938697,0.020781276028652318,9.501420182160713
Sicilian Defense: Four Knights Variation,B45,190217,0.0009212054033505683,0.08131239584264288,0.10936456783568241,black,0.10936456783568241,0.48509548206800185,0.5031077348066298,0.018012252738628,6.989827524478533
"Sicilian Defense: Four Knights Variation, Exchange Variation",B45,36443,0.0001764904741127489,0.07724391515517383,0.07375902093680542,white,0.07724391515517383,0.4686754176610978,0.4518092661481231,-0.016866151512974714,8.642243654079996
Sicilian Defense: Franco-Sicilian Variation,B32,174637,0.0008457527351652754,0.1409323339269456,0.08455252896007147,white,0.1409323339269456,0.5524266027561414,0.5296633623509284,-0.022763240405213048,7.0752835162971275
Sicilian Defense: French Variation,B40,803349,0.003890553628625599,0.07447199162505959,0.07337159814725605,white,0.07447199162505959,0.4826743669480231,0.4747193970108028,-0.007954969937220335,5.549203810495008
"Sicilian Defense: French Variation, Normal",B40,74884,0.00036265709912628184,0.073179851503659,0.0879360076918968,black,0.0879360076918968,0.47946067415730337,0.5060594214229867,0.026598747265683287,7.9220528006501025
"Sicilian Defense: French Variation, Open",B40,135103,0.0006542928003746869,0.09282547389769287,0.08956129767658749,white,0.09282547389769287,0.5058303886925795,0.47607533131829805,-0.029755057374281413,7.331955599703015
"Sicilian Defense: French Variation, Westerinen Attack",B40,32770,0.00015870243494429058,0.06548672566371681,0.06841623436069576,black,0.06841623436069576,0.4551805958344318,0.4840386043058649,0.02885800847143305,8.748479587485402
Sicilian Defense: Godiva Variation,B32,52577,0.00025462611907433523,0.07385358616885711,0.10976282404853833,black,0.10976282404853833,0.4903070609876893,0.5589386689865159,0.06863160799882662,8.275714288436937
Sicilian Defense: Grand Prix Attack,B23,220866,0.0010696360084347172,0.08155623771879782,0.06167540499669483,white,0.08155623771879782,0.5031522435108112,0.49592944369063774,-0.007222799820173487,6.84043686741531
Sicilian Defense: Halasz Gambit,B21,7839,3.796363709271571e-05,0.09401709401709402,0.06607985712463324,white,0.09401709401709402,0.4989010989010989,0.43007915567282323,-0.06882194322827567,10.17888177498954
Sicilian Defense: Hyperaccelerated Dragon,B27,310814,0.0015052468298680113,0.07497088290746234,0.06911850817530742,white,0.07497088290746234,0.4698477032670106,0.4729290510199718,0.0030813477529612054,6.4987983876720845
Sicilian Defense: Hyperaccelerated Fianchetto,A42,233941,0.0011329571661062644,0.09310894627277817,0.08688942938604179,white,0.09310894627277817,0.4731631057842626,0.5014460304132848,0.02828292462902221,6.782924103382375
Sicilian Defense: Hyperaccelerated Pterodactyl,B27,94539,0.00045784465966427487,0.07107119812987232,0.07271073313658913,black,0.07271073313658913,0.46745834484028354,0.48683683014833623,0.019378485308052695,7.688980602420296
Sicilian Defense: Jalalabad Variation,B27,63869,0.0003093123532943819,0.14777121921432934,0.07917769183798087,white,0.14777121921432934,0.548728813559322,0.5683046374261657,0.019575823866843645,8.081158939548077
Sicilian Defense: Kalashnikov Variation,B32,143706,0.0006959564271011359,0.061639736684619986,0.04969173173005998,white,0.061639736684619986,0.4865188488376894,0.4939759036144578,0.00745705477676839,7.27022350432936
Sicilian Defense: Kan Variation,B41,81304,0.000393748635053726,0.060169241365738466,0.08120141690445734,black,0.08120141690445734,0.4909963985594238,0.5298550724637681,0.038858673904344276,7.83979783436066
"Sicilian Defense: Kan Variation, Knight Variation",B43,198969,0.0009635906249139625,0.06599520528323508,0.09013966999884404,black,0.09013966999884404,0.49084913437757627,0.5161339889366933,0.025284854559116998,6.9448440165008964
"Sicilian Defense: Kan Variation, Maróczy Bind, Réti Variation",B41,74535,0.0003609669206155843,0.05775810022137251,0.06548601328235057,black,0.06548601328235057,0.46025444805815957,0.49455864570737607,0.034304197649216495,7.926724236473731
"Sicilian Defense: Kan Variation, Modern Variation",B42,43364,0.00021000831214294222,0.05652153860344987,0.06242505303938751,black,0.06242505303938751,0.4639151487203136,0.502906976744186,0.038991828023872466,8.46836344639708
"Sicilian Defense: Kan Variation, Wing Attack",B43,44786,0.00021689494206332004,0.0586120662707096,0.07846201938105658,black,0.07846201938105658,0.5110807528840315,0.5267796610169492,0.015698908132917633,8.436097459613485
Sicilian Defense: Katalimov Variation,B27,63805,0.0003090024065187812,0.11240498393542826,0.06447770550897265,white,0.11240498393542826,0.5129576306046895,0.5339063992359121,0.020948768631222636,8.082161493010185
Sicilian Defense: Keres Variation,B20,53186,0.00025757545636091055,0.056142593915692096,0.048659421652314516,white,0.056142593915692096,0.5080547945205479,0.451988360814743,-0.05606643370580494,8.264197846375378
Sicilian Defense: Kramnik Variation,B40,79691,0.0003859370077249149,0.0727560201277434,0.06414777076457819,white,0.0727560201277434,0.4855658690283573,0.49092047589229804,0.005354606863940736,7.8598363942392755
Sicilian Defense: Kronberger Variation,B20,7671,3.71500268067639e-05,0.07182896623647504,0.08864554816842654,black,0.08864554816842654,0.4598698481561822,0.5667574931880109,0.10688764503182874,10.200546065218965
Sicilian Defense: Kupreichik Variation,B56,5754,2.7866152293849495e-05,0.08602711157455684,0.06882168925964546,white,0.08602711157455684,0.4610027855153203,0.45454545454545453,-0.006457330969865782,10.488097785066769
Sicilian Defense: Kveinis Variation,B40,15453,7.483761755246025e-05,0.0800491813887271,0.15343299035785932,black,0.15343299035785932,0.5128905065210798,0.5950920245398773,0.08220151801879749,9.500189890944567
Sicilian Defense: Lasker-Dunne Attack,B20,154949,0.0007504053583211132,0.05725109552175232,0.04935817591594654,white,0.05725109552175232,0.49190158605615647,0.4908656231674861,-0.001035962888670361,7.194897019677933
Sicilian Defense: Lasker-Pelikan Variation,B33,100208,0.0004852991638967797,0.10411344403640428,0.06684097078077599,white,0.10411344403640428,0.49417710393320147,0.5398794753633464,0.045702371430144884,7.630745024413067
"Sicilian Defense: Lasker-Pelikan Variation, Exchange Variation",B33,40966,0.00019839499389465387,0.09261338671093101,0.08670604891861544,white,0.09261338671093101,0.4685050013517167,0.4644102564102564,-0.004094744941460282,8.525250595817662
"Sicilian Defense: Lasker-Pelikan Variation, Retreat Variation",B33,69079,0.00033454395799562556,0.08659650545028157,0.09963954313177666,black,0.09963954313177666,0.5054855749695246,0.491602018528282,-0.013883556441242617,8.002742272992315
"Sicilian Defense: Lasker-Pelikan Variation, Schlechter Variation",B33,74845,0.00036246822530990014,0.07770726167412653,0.0772663504576124,white,0.07770726167412653,0.46980949305779784,0.47966413014956705,0.009854637091769203,7.922573741828925
"Sicilian Defense: Lasker-Pelikan Variation, Sveshnikov Variation #2",B33,11097,5.374186513813831e-05,0.08813192754798595,0.0332522303325223,white,0.08813192754798595,0.526813880126183,0.25,-0.276813880126183,9.831318248677698
"Sicilian Defense: Lasker-Pelikan Variation, Sveshnikov Variation, Chelyabinsk Variation",B33,61131,0.0002960524428007149,0.03310922445240549,0.034090723200994585,black,0.034090723200994585,0.44394254682028117,0.512396694214876,0.06845414739459482,8.124973947709215
"Sicilian Defense: Lasker-Pelikan Variation, Sveshnikov Variation, Novosibirsk Variation",B33,8909,4.314555974728974e-05,0.04590863172073185,0.03008193961162869,white,0.04590863172073185,0.48833079654997463,1.0,0.5116692034500254,10.050931048457619
Sicilian Defense: Loewenthal Variation,B32,484887,0.0023482681590733055,0.08292447518700233,0.08440110788699223,black,0.08440110788699223,0.4799655320982335,0.47896764424254573,-0.0009978878556877735,6.054077176095678
Sicilian Defense: Marshall Counterattack,B40,109800,0.000531752436889933,0.10012750455373406,0.09580145719489981,white,0.10012750455373406,0.46755625327053896,0.48971341658661544,0.022157163316076478,7.539332521120694
Sicilian Defense: McDonnell Attack,B21,1247117,0.006039685827293831,0.07691419489911532,0.0633549217916202,white,0.07691419489911532,0.4757188941690659,0.4916373610376874,0.015918466868621528,5.109403283736962
"Sicilian Defense: McDonnell Attack, Tal Gambit",B21,15351,7.434363987884665e-05,0.08038564262914469,0.09321868282196599,black,0.09321868282196599,0.483349191246432,0.44404332129963897,-0.039305869946793026,9.506812431705061
Sicilian Defense: Mengarini Variation,B20,115219,0.0005579962115302477,0.0843524071550699,0.06445117558735973,white,0.0843524071550699,0.5040884312537856,0.4791979507110679,-0.02489048054271764,7.491158384978327
Sicilian Defense: Modern Variations,B56,57300,0.0002774992225299924,0.08792321116928446,0.07345549738219895,white,0.08792321116928446,0.5011323196376577,0.5079596106613299,0.006827291023672188,8.18969242647543
"Sicilian Defense: Modern Variations, Anti-Qxd4 Move Order",B50,22449,0.00010871867446031062,0.11911443716869348,0.07969174573477661,white,0.11911443716869348,0.437984496124031,0.5440934065934065,0.10610891046937554,9.126746980429793
"Sicilian Defense: Modern Variations, Anti-Qxd4 Move Order Accepted",B50,8842,4.2821084216582766e-05,0.09647138656412577,0.09590590364171002,white,0.09647138656412577,0.4087301587301587,0.48719824433065106,0.07846808560049234,10.058479954792073
"Sicilian Defense: Modern Variations, Main Line",B57,141892,0.0006871713731802038,0.06610661629972091,0.0700955656414738,black,0.0700955656414738,0.47208333333333335,0.5206815443749642,0.04859821104163081,7.282926845350208
"Sicilian Defense: Modern Variations, Tartakower",B53,75303,0.0003646862819227926,0.10796382614238477,0.04874971780672749,white,0.10796382614238477,0.4810662310662311,0.5209721677773422,0.039905936711111145,7.916473075546444
Sicilian Defense: Mongoose Variation,B27,5061,2.451000986429828e-05,0.16577751432523216,0.06737798853981426,white,0.16577751432523216,0.5354107648725213,0.6232943469785575,0.0878835821060362,10.616428957964184
Sicilian Defense: Morphy Gambit,B21,40405,0.0001956781166897791,0.11790619972775647,0.09350327929711669,white,0.11790619972775647,0.5061119873817035,0.49321663019693657,-0.01289535718476692,8.539039510510714
"Sicilian Defense: Morphy Gambit, Andreaschek Gambit",B21,9815,4.7533243789387e-05,0.13571064696892512,0.07987773815588385,white,0.13571064696892512,0.5492028587135789,0.5570824524312896,0.007879593717710742,9.9540812224677
Sicilian Defense: Myers Attack,B20,6731,3.2597683540128775e-05,0.07532313177833903,0.08111721883821126,black,0.08111721883821126,0.481651376146789,0.5071902654867256,0.025538889339936643,10.331269329167549
Sicilian Defense: Myers Attack #2,B20,7417,3.591992554109866e-05,0.07199676419037347,0.07132263718484562,white,0.07199676419037347,,0.46114232209737827,,10.234218387441704
Sicilian Defense: Najdorf Variation,B90,434511,0.002104301303328613,0.06841714018747512,0.06193859303907151,white,0.06841714018747512,0.48374006810442677,0.4694451941242241,-0.014294873980202683,6.163771789355438
"Sicilian Defense: Najdorf Variation, Adams Attack",B90,38625,0.0001870577219933849,0.05475728155339806,0.04150161812297735,white,0.05475728155339806,0.4948165869218501,0.4849023090586146,-0.00991427786323551,8.584093314978215
"Sicilian Defense: Najdorf Variation, Amsterdam Variation",B93,26650,0.00012906377452747463,0.08150093808630395,0.05887429643527205,white,0.08150093808630395,0.5206273440163655,0.4821693907875186,-0.038457953228846875,8.955203899584271
"Sicilian Defense: Najdorf Variation, English Attack",B90,156226,0.0007565897650780208,0.05767925953426446,0.052660888712506244,white,0.05767925953426446,0.4765633866757462,0.5076019350380097,0.03103854836226344,7.186689373377302
"Sicilian Defense: Najdorf Variation, English Attack, Anti-English",B90,13246,6.414929671260522e-05,0.0633398761890382,0.10539030650762495,black,0.10539030650762495,0.48787878787878786,0.5844155844155844,0.09653679653679653,9.654297430133337
"Sicilian Defense: Najdorf Variation, Main Line",B99,17422,8.437332382055021e-05,0.07318333142004363,0.03862931925152106,white,0.07318333142004363,0.5159744408945687,0.42857142857142855,-0.08740301232314013,9.380259274799425
"Sicilian Defense: Najdorf Variation, Opocensky Variation",B92,75410,0.00036520447418825,0.053560535737965785,0.045113380188303936,white,0.053560535737965785,0.4733083749306711,0.4778938906752412,0.004585515744570057,7.915053157981569
"Sicilian Defense: Najdorf Variation, Opocensky Variation, Modern Line",B92,8662,4.194935891020583e-05,0.04156084045255137,0.036481182175017314,white,0.04156084045255137,0.4820627802690583,0.46,-0.02206278026905828,10.07904740740369
"Sicilian Defense: Najdorf Variation, Opocensky Variation, Traditional Line",B92,7233,3.502882856124668e-05,0.03815844048112816,0.03470206000276511,white,0.03815844048112816,0.4589676940215373,0.5,0.04103230597846269,10.259339162328981
"Sicilian Defense: Najdorf Variation, Poisoned Pawn Variation",B97,9901,4.7949734769100426e-05,0.08302191697808302,0.07271992728007272,white,0.08302191697808302,0.48264223722275795,0.36363636363636365,-0.1190058735863943,9.945357288055748
"Sicilian Defense: Najdorf Variation, Traditional Line",B98,10749,5.2056529545809564e-05,0.08270536794120384,0.04809749744162248,white,0.08270536794120384,0.5258566978193147,0.4,-0.12585669781931463,9.863180323205198
"Sicilian Defense: Najdorf Variation, Zagreb (Fianchetto) Variation",B91,20093,9.730875878351024e-05,0.051560244861394516,0.04240282685512368,white,0.051560244861394516,0.4788997739261492,0.5145518044237486,0.03565203049759941,9.237621554493709
"Sicilian Defense: Najdorf, Lipnitsky Attack",B90,155700,0.0007540423900160526,0.08379576107899807,0.05970456005138086,white,0.08379576107899807,0.5006232859636001,0.47934875749785777,-0.021274528465742293,7.190061971356172
Sicilian Defense: Nimzo-American Variation,B32,14435,6.990752665306178e-05,0.10017319016279876,0.06442674056113613,white,0.10017319016279876,0.4619289340101523,0.5211864406779662,0.059257506667813875,9.568337237081225
Sicilian Defense: Nimzowitsch Variation,B29,49607,0.00024024265151911572,0.10744451387908964,0.10583183824863426,white,0.10744451387908964,0.41835443037974684,0.49715289234207866,0.07879846196233181,8.33386109739075
"Sicilian Defense: Nimzowitsch Variation, Advance Variation",B29,33416,0.00016183096021051005,0.11677040938472588,0.07277950682307877,white,0.11677040938472588,0.4808532510922642,0.5589779005524862,0.07812464946022202,8.72895822300125
"Sicilian Defense: Nimzowitsch Variation, Closed Variation",B29,57172,0.000276879328978791,0.11330721332120619,0.08108864479115652,white,0.11330721332120619,0.44513314967860423,0.5311779315238602,0.08604478184525594,8.191928782149256
Sicilian Defense: Nyezhmetdinov-Rossolimo Attack,B30,702375,0.003401544789258349,0.0839252536038441,0.06648869905677167,white,0.0839252536038441,0.5082534611288605,0.5040382589502199,-0.004215202178640576,5.683525600763763
"Sicilian Defense: Nyezhmetdinov-Rossolimo Attack, Fianchetto Variation",B31,185520,0.0008984582157724989,0.06988464855541182,0.05576757222940923,white,0.06988464855541182,0.5027532903671877,0.486259988306373,-0.01649330206081473,7.014830357248848
Sicilian Defense: O'Kelly Variation,B28,51941,0.0002515460229918034,0.07217804817003909,0.07768429564313356,black,0.07768429564313356,0.4939759036144578,0.4979970326409496,0.004021129026491765,8.287884591162646
"Sicilian Defense: O'Kelly Variation, Maróczy Bind",B28,6270,3.0365098172130054e-05,0.05869218500797448,0.047527910685805426,white,0.05869218500797448,0.48714285714285716,0.4862604540023895,-0.0008824031404676691,10.402216695551296
"Sicilian Defense: O'Kelly Variation, Maróczy Bind, Paulsen Line",B28,14358,6.95346219386672e-05,0.053976877002368015,0.05237498258810419,white,0.053976877002368015,0.4836199836199836,0.4712121212121212,-0.012407862407862402,9.573685772041834
"Sicilian Defense: O'Kelly Variation, Normal System",B28,78919,0.00038219827474423153,0.07042663997263017,0.08949682585942549,black,0.08949682585942549,0.5142039850069047,0.46205878735702866,-0.05214519764987602,7.869571040181289
"Sicilian Defense: O'Kelly Variation, Normal System, Taimanov Line",B28,25848,0.00012517975399572849,0.07683379758588672,0.09157381615598886,black,0.09157381615598886,0.4793875147232038,0.4743164871582436,-0.0050710275649601955,8.985759821673927
"Sicilian Defense: O'Kelly Variation, Normal System, Zagorovsky Line",B28,6146,2.976457629440372e-05,0.07679791734461439,0.09323136999674585,black,0.09323136999674585,0.4253246753246753,0.5115952213633169,0.0862705460386416,10.422191586487832
"Sicilian Defense: O'Kelly Variation, Quiet System",B28,6717,3.252988268296612e-05,0.04749143963078755,0.043918415959505734,white,0.04749143963078755,0.5185735512630015,0.4653812445223488,-0.05319230674065273,10.333351423911397
"Sicilian Defense: O'Kelly Variation, Venice System",B28,23559,0.00011409431384963508,0.06961246232862175,0.05004456895453967,white,0.06961246232862175,0.5017515494475883,0.5318602261048304,0.03010867665724215,9.078485137135278
"Sicilian Defense: O'Kelly Variation, Venice System, Steiner Line",B28,14583,7.062427857163838e-05,0.07433312761434548,0.04045806761297401,white,0.07433312761434548,0.5281425891181989,0.5321443384487764,0.004001749330577509,9.558136583464696
"Sicilian Defense: O'Kelly Variation, Yerevan System",B28,37015,0.00017926062341968007,0.07407807645549101,0.06408212886667568,white,0.07407807645549101,0.4670410877919007,0.4794036443953617,0.012362556603461028,8.626669814301064
Sicilian Defense: Old Sicilian,B30,2345117,0.01135721019619316,0.08344999417939489,0.06895263647826526,white,0.08344999417939489,0.4860452869931543,0.4849188391152805,-0.001126447877873804,4.477902477170187
Sicilian Defense: Open,B33,375132,0.001816733653509967,0.1096414062250088,0.08228836782785792,white,0.1096414062250088,0.4680890366675903,0.5269904164031078,0.05890137973551757,6.31071508616318
Sicilian Defense: Open #2,B32,143822,0.0006965182056319121,0.10785554365813298,0.0730416765168055,white,0.10785554365813298,0.48882053708742457,0.46673669467787116,-0.02208384240955341,7.2694166263467395
Sicilian Defense: Open #3,B32,515732,0.002497647976157732,0.10463961902693647,0.0720393537728898,white,0.10463961902693647,0.5232830232830232,0.5310659711301745,0.007782947847151278,5.992405799483955
Sicilian Defense: Paulsen Variation,B44,418589,0.0020271923570612037,0.07742200583388478,0.08241258131484583,black,0.08241258131484583,0.4690270631667684,0.49535321283995665,0.02632614967318825,6.201103518599257
"Sicilian Defense: Paulsen Variation, Bastrikov Variation",B47,66967,0.00032431571440080277,0.06958651276001612,0.08508668448638881,black,0.08508668448638881,0.4813100539020389,0.49887133182844245,0.01756127792640355,8.033793089454937
"Sicilian Defense: Paulsen Variation, Bastrikov Variation, English Attack",B48,19372,9.381701463963372e-05,0.06452612017344621,0.07417922775139377,black,0.07417922775139377,0.47455332972387654,0.43601895734597157,-0.03853437237790497,9.274164325655143
"Sicilian Defense: Paulsen Variation, Normal Variation",B45,193224,0.0009357680588854319,0.1118494596944479,0.08839481637891773,white,0.1118494596944479,0.5162675101671939,0.5078490166681365,-0.008418493499057322,6.974142912530335
"Sicilian Defense: Paulsen Variation, Szén Variation",B44,25207,0.00012207544332135285,0.09418018804300393,0.06383147538382196,white,0.09418018804300393,0.5056368433677141,0.528695652173913,0.023058808806198927,9.010871316474073
Sicilian Defense: Paulsen-Basman Defense,B40,65069,0.00031512385533689484,0.0993099632697598,0.1280025818746254,black,0.1280025818746254,0.5088935785348206,0.47783621337340343,-0.031057365161417216,8.062544804872482
Sicilian Defense: Pin Variation,B40,57771,0.0002797802370816787,0.092347371518582,0.10801267071714182,black,0.10801267071714182,0.4881746513038205,0.4968033095148552,0.008628658211034701,8.181506130530265
"Sicilian Defense: Pin Variation, Koch Variation",B40,10478,5.074409866787539e-05,0.12111089902653178,0.0909524718457721,white,0.12111089902653178,0.4868804664723032,0.46381578947368424,-0.02306467699861897,9.888715229210097
Sicilian Defense: Polish Gambit,B27,7810,3.782319246002165e-05,0.17234314980793855,0.06901408450704226,white,0.17234314980793855,,0.5918833952557874,,10.18258808634453
Sicilian Defense: Prins Variation,B54,46647,0.00022590761314758386,0.057238407614637596,0.04611229017943276,white,0.057238407614637596,0.5190970568625584,0.4386694386694387,-0.08042761819311967,8.395384433652335
Sicilian Defense: Quinteros Variation,B27,11720,5.675900328187628e-05,0.08805460750853242,0.0931740614334471,black,0.0931740614334471,0.47703703703703704,0.45725806451612905,-0.01977897252090799,9.776696266047258
Sicilian Defense: Richter-Rauzer Variation,B60,17429,8.440722424913153e-05,0.11102186011819382,0.0767112284124161,white,0.11102186011819382,0.5172557172557173,0.5306122448979592,0.013356527642241933,9.37985756465658
"Sicilian Defense: Richter-Rauzer Variation, Classical Variation",B63,7108,3.4423463765151586e-05,0.07653348339898705,0.05388294879009567,white,0.07653348339898705,0.5038950389503895,0.5517241379310345,0.047829098980645024,10.27677213990372
"Sicilian Defense: Richter-Rauzer Variation, Dragon Variation",B60,6969,3.3750298111893834e-05,0.08996986655187258,0.08423016214664945,white,0.08996986655187258,0.46827794561933533,0.5,0.031722054380664666,10.296521307739743
"Sicilian Defense: Richter-Rauzer, 6...e6",B62,8214,3.9779731481001e-05,0.06537618699780862,0.09228147065984904,black,0.09228147065984904,0.4881889763779528,0.5189393939393939,0.030750417561441146,10.132153034661759
Sicilian Defense: Scheveningen Variation,B80,60074,0.00029093347808493476,0.06194027366248294,0.057046309551553084,white,0.06194027366248294,0.4802488785993344,0.4575757575757576,-0.022673121023576825,8.142415914571478
"Sicilian Defense: Scheveningen Variation, Classical Variation",B84,50310,0.00024364722313235457,0.05344861856489763,0.03987278870999801,white,0.05344861856489763,0.4728038107898527,0.4901593252108716,0.017355514421018903,8.319789185692898
"Sicilian Defense: Scheveningen Variation, English Attack",B80,10377,5.025496391263056e-05,0.055700106003661945,0.05049628987183193,white,0.055700106003661945,0.48377125193199383,0.5418994413407822,0.05812818940878833,9.898401231572983
"Sicilian Defense: Scheveningen Variation, English Attack #2",B80,43243,0.00020942231902032216,0.04814652082417964,0.03783271280900955,white,0.04814652082417964,0.5030581039755352,0.5728155339805825,0.0697574300050473,8.471157679628297
"Sicilian Defense: Scheveningen Variation, Keres Attack",B81,6786,3.286404405041061e-05,0.0847332743884468,0.05938697318007663,white,0.0847332743884468,0.522808267997149,0.7619047619047619,0.2390964939076129,10.323131383834086
"Sicilian Defense: Scheveningen Variation, Matanovic Attack",B82,5000,2.4214591843803874e-05,0.0786,0.0564,white,0.0786,0.513302034428795,0.48518518518518516,-0.0281168492436098,10.628555137762024
"Sicilian Defense: Scheveningen Variation, Modern Variation #3",B83,8036,3.8917692011361585e-05,0.05948232951717272,0.03845196615231458,white,0.05948232951717272,0.4950213371266003,0.48186528497409326,-0.013156052152507036,10.154061603243436
"Sicilian Defense: Scheveningen Variation, Vitolins Variation",B80,7951,3.850604395001692e-05,0.06288517167651868,0.06540057854357942,black,0.06540057854357942,0.5191387559808612,0.5040983606557377,-0.015040395325123579,10.164695343276778
Sicilian Defense: Smith-Morra Gambit,B21,452703,0.002192403674293109,0.13137973461629368,0.06608747898732724,white,0.13137973461629368,0.510714362630026,0.5177191072400653,0.007004744610039304,6.122756768870934
Sicilian Defense: Smith-Morra Gambit #2,B21,846123,0.004097704618930973,0.10371778098456134,0.09240027750102527,white,0.10371778098456134,0.501418370341387,0.47189536022440465,-0.029523010116982384,5.497328311087092
"Sicilian Defense: Smith-Morra Gambit Accepted, Classical Formation",B21,9261,4.485026701309353e-05,0.09070294784580499,0.056581362703811686,white,0.09070294784580499,0.46240145542753186,0.5227272727272727,0.06032581729974085,10.012181016007993
"Sicilian Defense: Smith-Morra Gambit Accepted, Fianchetto Defense",B21,29901,0.00014480810214431591,0.1380555834253035,0.06280726397110464,white,0.1380555834253035,0.516015280634734,0.5211469534050179,0.005131672770283924,8.840101125542695
"Sicilian Defense: Smith-Morra Gambit Accepted, Kan Formation",B21,21601,0.0001046118796836015,0.0936067774640063,0.05495115966853387,white,0.0936067774640063,0.4934626739772248,0.45751633986928103,-0.03594633410794379,9.165253440281349
"Sicilian Defense: Smith-Morra Gambit Accepted, Paulsen Formation",B21,44411,0.00021507884767503474,0.09015784377744253,0.052104208416833664,white,0.09015784377744253,0.4733120437956204,0.5458612975391499,0.0725492537435295,8.444505863694603
"Sicilian Defense: Smith-Morra Gambit Accepted, Pin Defense",B21,25821,0.00012504899519977196,0.09399326129894273,0.0649084078850548,white,0.09399326129894273,0.47703300442327323,0.5037837837837837,0.026750779360510513,8.986804935860677
"Sicilian Defense: Smith-Morra Gambit Accepted, Scheveningen Formation",B21,45824,0.00022192189133009372,0.08744326117318436,0.04255412011173185,white,0.08744326117318436,0.4754438791402762,0.517051705170517,0.041607826030240824,8.413185078857945
"Sicilian Defense: Smith-Morra Gambit Declined, Alapin Formation",B21,9675,4.6855235217760496e-05,0.09178294573643411,0.10015503875968992,black,0.10015503875968992,0.4835820895522388,0.5204957102001907,0.036913620647951895,9.96844781128028
"Sicilian Defense: Smith-Morra Gambit Declined, Center Formation",B21,28628,0.00013864306706088344,0.08847980997624703,0.10873969540310185,black,0.10873969540310185,0.4747311827956989,0.4963799594555459,0.02164877665984699,8.883607790319774
"Sicilian Defense: Smith-Morra Gambit Declined, Dubois Variation",B21,7867,3.809923880704101e-05,0.04741324520147451,0.033557900088979284,white,0.04741324520147451,0.4905722791928548,0.3333333333333333,-0.15723894585952147,10.175316254849019
"Sicilian Defense: Smith-Morra Gambit Declined, Push Variation",B21,78374,0.00037955888423325693,0.0582846352106566,0.045193559088473216,white,0.0582846352106566,0.49087251697259243,0.46875,-0.022122516972592432,7.876500810495092
"Sicilian Defense: Smith-Morra Gambit Declined, Scandinavian Formation",B21,36313,0.00017586089472481002,0.08233965797372841,0.07283892820752898,white,0.08233965797372841,0.46810556683406346,0.4432,-0.024905566834063475,8.645817246315625
Sicilian Defense: Smith-Morra Gambit Deferred,B40,47528,0.0002301742242304621,0.09423918532233631,0.05300033664366268,white,0.09423918532233631,0.49333459393022594,0.5016835016835017,0.008348907753275792,8.376674039142685
"Sicilian Defense: Smith-Morra Gambit, Danish Variation",C21,11688,5.660402989407593e-05,0.1273956194387406,0.06442505133470226,white,0.1273956194387406,0.48787878787878786,0.49400921658986174,0.0061304287110738875,9.779430375747726
Sicilian Defense: Snyder Variation,B20,144255,0.0006986151892855856,0.07264912827978233,0.07404942636303767,black,0.07404942636303767,0.4571024234919512,0.4914647690345934,0.034362345542642225,7.26641048336357
Sicilian Defense: Sozin Attack,B86,36677,0.0001776237170110389,0.06480900837036835,0.06251874471739782,white,0.06480900837036835,0.4859596960687149,0.4733118971061093,-0.012647798962605594,8.635843194593285
"Sicilian Defense: Sozin Attack, Flank Variation",B87,10612,5.139304972928934e-05,0.08612891066716924,0.050697323784395024,white,0.08612891066716924,0.5123537061118335,0.44930875576036866,-0.06304495035146485,9.876007613920631
"Sicilian Defense: Sozin Attack, Leonhardt Variation",B88,29704,0.00014385404722567005,0.06531106921626717,0.06807164018314031,black,0.06807164018314031,0.45595200505209976,0.522197962154294,0.06624595710219428,8.846711333321347
"Sicilian Defense: Sozin Attack, Main Line",B89,6613,3.2026219172615e-05,0.0609405716013912,0.04597005897474671,white,0.0609405716013912,0.49901960784313726,0.46835443037974683,-0.030665177463390425,10.348955641503599
"Sicilian Defense: Sozin, not Scheveningen",B57,41336,0.00020018687369109537,0.09110702535320302,0.07349525837042771,white,0.09110702535320302,0.48262682418346076,0.4953828395536745,0.012756015370213758,8.51625925921124
Sicilian Defense: Staunton-Cochrane Variation,B20,418467,0.002026601521020215,0.062475655189059114,0.06353428107831681,black,0.06353428107831681,0.45605218135158254,0.49359710464002027,0.037544923288437726,6.201395016422254
Sicilian Defense: Wing Gambit,B20,121745,0.0005896010968047805,0.09265267567456568,0.07028625405560804,white,0.09265267567456568,0.4914256607617862,0.4796008218373936,-0.011824838924392567,7.4360643568385365
Sicilian Defense: Wing Gambit Deferred,B40,14744,7.140398842900886e-05,0.0843054801953337,0.05921052631578947,white,0.0843054801953337,0.4818135245901639,0.4939550949913644,0.012141570401200508,9.547156829828603
"Sicilian Defense: Wing Gambit, Abrahams Variation",B20,7134,3.454937964273936e-05,0.08971124194000561,0.05789178581440987,white,0.08971124194000561,0.47026532479414457,0.4274193548387097,-0.04284596995543488,10.273120963259425
"Sicilian Defense: Wing Gambit, Carlsbad Variation",B20,46373,0.0002245806535145434,0.09147564315442175,0.06292454661117461,white,0.09147564315442175,0.4846143231682075,0.4856996935648621,0.0010853703966545725,8.401275656883143
"Sicilian Defense: Wing Gambit, Deferred Variation",B50,15171,7.34719145724697e-05,0.07903236437940808,0.0556324566607343,white,0.07903236437940808,0.4728423858713762,0.4679012345679012,-0.004941151303475,9.518607339430169
"Sicilian Defense: Wing Gambit, Marshall Variation",B20,36046,0.0001745678355203509,0.07606946679243189,0.06613771292237697,white,0.07606946679243189,0.4887372752869829,0.4893162393162393,0.0005789640292563902,8.65319714962551
Slav Defense,D10,307204,0.001487763894556785,0.06817619562245283,0.06599848960299996,white,0.06817619562245283,0.48594048594048594,0.5009058090792484,0.014965323138762476,6.510481028174045
Slav Defense #2,D10,569939,0.0027601680521731472,0.07752584048468344,0.059081761381481177,white,0.07752584048468344,0.49823508275031175,0.513850457627634,0.015615374877322286,5.8924637126381745
Slav Defense #3,D10,98304,0.00047607824732265916,0.09778849283854167,0.062713623046875,white,0.09778849283854167,0.4820785131803527,0.5418588622024283,0.059780349022075574,7.649928332110973
Slav Defense: Alapin Variation,D16,8058,3.902423621547432e-05,0.10201042442293373,0.043062794738148426,white,0.10201042442293373,0.5177083333333333,0.5906432748538012,0.07293494152046787,10.151327663426969
Slav Defense: Alekhine Variation,D15,14306,6.928279018349164e-05,0.09017195582273171,0.053404166084160494,white,0.09017195582273171,0.49524534043362495,0.5543740937651039,0.05912875333147899,9.577314020509933
Slav Defense: Bonet Gambit,D11,27088,0.00013118497277299186,0.07545776727702304,0.0670407560543414,white,0.07545776727702304,0.47762345679012347,0.5027777777777778,0.0251543209876543,8.938902224805345
Slav Defense: Breyer Variation,D11,6497,3.1464440641838754e-05,0.05233184546713868,0.04017238725565646,white,0.05233184546713868,0.514052120592744,0.47577092511013214,-0.03828119548261183,10.36665251829773
Slav Defense: Chameleon Variation,D15,39435,0.00019098048587208114,0.054621529098516544,0.045543299099784454,white,0.054621529098516544,0.4743962036971457,0.4965986394557823,0.02220243575863662,8.56333930334617
"Slav Defense: Chameleon Variation, Advance System",D15,5463,2.645686304854011e-05,0.03551162365000915,0.03368112758557569,white,0.03551162365000915,0.47319266689726736,0.37037037037037035,-0.102822296526897,10.539994960782543
Slav Defense: Czech Variation,D17,6018,2.914468274320234e-05,0.07477567298105683,0.07228315054835494,white,0.07477567298105683,0.4436008676789588,0.52,0.07639913232104123,10.44323807198827
"Slav Defense: Czech Variation, Classical System",D18,6431,3.114480802950054e-05,0.05566785880889442,0.045405069196081484,white,0.05566785880889442,0.4624664879356568,0.5555555555555556,0.09308906761989877,10.376863003043399
Slav Defense: Diemer Gambit,B12,20710,0.00010029683941703564,0.08271366489618542,0.07585707387735394,white,0.08271366489618542,0.4608879492600423,0.4861989649223692,0.025311015662326908,9.207376374788632
Slav Defense: Exchange Variation,D10,307732,0.0014903209554554906,0.07831489737823821,0.056087764678356494,white,0.07831489737823821,0.5044576025025137,0.5026265147969002,-0.0018310877056134656,6.508763775875418
"Slav Defense: Exchange Variation, Schallopp Variation",D12,11456,5.548047283252343e-05,0.06799930167597765,0.0668645251396648,white,0.06799930167597765,0.478494623655914,0.4682044887780549,-0.010290134877859125,9.799479439977835
"Slav Defense: Exchange Variation, Symmetrical Line",D14,13125,6.356330358998517e-05,0.0684952380952381,0.047695238095238096,white,0.0684952380952381,0.4837669318426145,0.5182795698924731,0.03451263804985866,9.663474241718438
Slav Defense: Geller Gambit,D15,8404,4.0699885971065546e-05,0.08138981437410757,0.05461684911946692,white,0.08138981437410757,0.49952335557673977,0.46264367816091956,-0.03687967741582021,10.109285267213371
Slav Defense: Geller Gambit #2,D15,20478,9.917328235548315e-05,0.1037210665104014,0.06528957906045513,white,0.1037210665104014,0.48460111317254173,0.5418682545589877,0.05726714138644595,9.2186419110435
Slav Defense: Modern,D11,90031,0.00043601278365790127,0.06375581744065933,0.04516222190134509,white,0.06375581744065933,0.5021724818959842,0.5058025352615604,0.0036300533655762024,7.737838994728785
Slav Defense: Modern Line,D11,208016,0.0010074045073961413,0.08539246981001461,0.055702445965694944,white,0.08539246981001461,0.5187551826740159,0.5239286938635584,0.005173511189542568,6.900378050376312
Slav Defense: Quiet Variation,D11,60672,0.0002938295432694537,0.05935192510548523,0.04702333860759494,white,0.05935192510548523,0.49107142857142855,0.5121980104216012,0.021126581850172632,8.132510743563568
"Slav Defense: Quiet Variation, Pin Defense",D12,71203,0.00034483031661087344,0.050643933542126034,0.05523643666699437,black,0.05523643666699437,0.43407318536292744,0.4576704215538265,0.02359723619089904,7.972458097834381
"Slav Defense: Quiet Variation, Schallopp Defense",D12,51373,0.00024879524535834725,0.053160220349210675,0.05882467443988087,black,0.05882467443988087,0.4493830269453538,0.48337403719706934,0.033991010251715525,8.298880307577885
Slav Defense: Schlechter Variation,D15,62793,0.0003041013731295953,0.0528402847451149,0.04680458012835826,white,0.0528402847451149,0.5108620689655172,0.48992652287271865,-0.020935546092798574,8.098149447902806
"Slav Defense: Slav Gambit, Alekhine Attack",D10,56338,0.0002728403350592445,0.10873655436827719,0.06019028009514005,white,0.10873655436827719,0.5007808433107757,0.5518171493469619,0.05103630603618625,8.206623787135538
Slav Defense: Soultanbeieff Variation,D16,5385,2.607911541577677e-05,0.09006499535747446,0.04196843082636954,white,0.09006499535747446,0.5063291139240507,0.5379746835443038,0.03164556962025311,10.554375739587773
Slav Defense: Steiner Variation,D16,5253,2.5439850191100347e-05,0.05177993527508091,0.07272035027603274,black,0.07272035027603274,0.46644067796610167,0.43103448275862066,-0.035406195207481006,10.5791937082243
Slav Defense: Three Knights Variation,D15,270517,0.0013100917483620585,0.0794996247925269,0.0563550534716857,white,0.0794996247925269,0.5182038432179483,0.5080337533233152,-0.010170089894633083,6.637658107303945
Slav Defense: Two Knights Attack,D15,13804,6.685164516237373e-05,0.08859750796870472,0.0544045204288612,white,0.08859750796870472,0.49115730685696557,0.5524360033030553,0.06127869644608974,9.613034644960369
Slav Defense: Winawer Countergambit,D10,12423,6.01635748951151e-05,0.07590759075907591,0.10818642839893745,black,0.10818642839893745,0.48776834747878184,0.4294930875576037,-0.05827525992117816,9.718443456964584
Slav Indian,A50,64263,0.00031122046313167366,0.07220328960677216,0.05977000762491636,white,0.07220328960677216,0.4932821497120921,0.5117811501597445,0.018499000447652347,8.075009012257336
Sodium Attack,A00,18599,9.007343874058164e-05,0.07817624603473305,0.12118931125329319,black,0.12118931125329319,0.4668411867364747,0.5553484370519071,0.08850725031543238,9.314885234363135
St. George Defense,B00,356201,0.0017250523658709567,0.0811676553406644,0.06513738029932538,white,0.0811676553406644,0.4825615004174963,0.5002893019195436,0.01772780150204728,6.362497871932938
"St. George Defense: New St. George, Three Pawn Attack",B00,15358,7.437754030742797e-05,0.06153144940747493,0.052220341190259145,white,0.06153144940747493,0.5098039215686274,0.5079073188672306,-0.001896602701396799,9.506356539287774
St. George Defense: Polish Variation,B00,22189,0.00010745951568443282,0.06656451394835279,0.051286673576997614,white,0.06656451394835279,0.48065764023210833,0.4945945945945946,0.013936954362486265,9.138396379611844
St. George Defense: Woodchuck Variation,B00,5273,2.5536708558475562e-05,0.08742651242177128,0.06049687085150768,white,0.08742651242177128,,0.5397838899803536,,10.575393589647792
System: Double Duck Formation,A02,11181,5.414867028111422e-05,0.07629013505053216,0.050084965566586176,white,0.07629013505053216,0.49453551912568305,0.4987322515212982,0.0041967323956151326,9.823777141030893
Tarrasch Defense,D32,83825,0.0004059576322613719,0.097548464062034,0.09300328064419923,white,0.097548464062034,0.4423975804234259,0.5063783191897071,0.06398073876628119,7.809261757843832
Tarrasch Defense: Classical Variation,D34,8137,3.9406826766606425e-05,0.044979722256359836,0.04006390561632051,white,0.044979722256359836,0.4892692203205651,0.5365853658536586,0.04731614553309349,10.141571488481604
Tarrasch Defense: Prague Variation,D33,5098,2.4689197843942428e-05,0.06198509219301687,0.05296194586112201,white,0.06198509219301687,0.48662420382165605,0.4726027397260274,-0.014021464095628655,10.6091447442422
Tarrasch Defense: Schara Gambit,D32,11078,5.364984968913186e-05,0.08404044051272792,0.12375880122765842,black,0.12375880122765842,0.4666666666666667,0.4491017964071856,-0.017564870259481058,9.833031890585213
Tarrasch Defense: Symmetrical Variation,D32,97911,0.00047417498040373617,0.0700432025002298,0.06636639397003401,white,0.0700432025002298,0.4717675421900774,0.4932029058476588,0.02143536365758142,7.6539341474209595
Tarrasch Defense: Two Knights Variation,D32,25303,0.00012254036348475388,0.09113543848555507,0.07501086827648895,white,0.09113543848555507,0.48907038193610375,0.5115924344112264,0.022522052475122623,9.007070084417258
Three Knights Opening,C46,956365,0.004631597625739898,0.10672703413445703,0.09015281822316794,white,0.10672703413445703,0.5209075319878644,0.4968624097852236,-0.024045122202640823,5.3748534108482975
Three Knights Opening #2,C46,235428,0.0011401585857206116,0.10518714851249639,0.08725810014101976,white,0.10518714851249639,0.4902353530295443,0.48543944402067973,-0.004795909008864563,6.776587915969433
Three Knights Opening: Schlechter Variation,C46,9259,4.484058117635601e-05,0.11793930230046441,0.10573496057889621,white,0.11793930230046441,,0.5046385775028991,,10.012396998730214
Three Knights Opening: Steinitz Defense,C46,26857,0.0001300662586298081,0.12205384071191867,0.07662806717057005,white,0.12205384071191867,0.49415432579890883,0.5160506552790458,0.021896329480136978,8.947466555584572
Three Knights Opening: Winawer Defense,C46,30551,0.00014795599908401042,0.12546234165821085,0.11181303394324245,white,0.12546234165821085,0.5096222380612973,0.49554022988505747,-0.01408200817623978,8.818595631890018
Torre Attack,A46,204822,0.0009919362261263194,0.06828368046401266,0.04259308082139614,white,0.06828368046401266,0.49462803374725745,0.4781638270961982,-0.016464206651059243,6.915851740925088
Torre Attack #2,A46,196373,0.0009510184088286596,0.08157435085271397,0.05562373646071507,white,0.08157435085271397,0.4942585965458223,0.5056327838354607,0.011374187289638404,6.957977138268002
"Torre Attack: Classical Defense, Nimzowitsch Variation",A46,14609,7.075019444922616e-05,0.06995687589841879,0.043466356355671164,white,0.06995687589841879,0.4909307166220636,0.49559193954659947,0.004661222924535857,9.556355273045748
Trompowsky Attack,A45,299182,0.001448914003402586,0.07451317258391213,0.059555721935143156,white,0.07451317258391213,0.5001051112076577,0.49541436281164125,-0.004690748396016409,6.536940966333321
Trompowsky Attack: Borg Variation,A45,8713,4.219634774701263e-05,0.14461150005738552,0.05853322621370366,white,0.14461150005738552,0.5450110864745011,0.5301204819277109,-0.014890604546790254,10.073176886946975
Trompowsky Attack: Classical Defense,A45,68615,0.0003322968438725205,0.07265175253224514,0.051563069299715804,white,0.07265175253224514,0.49881059798211796,0.4814913095396046,-0.017319288442513348,8.009481880474528
"Trompowsky Attack: Classical Defense, Big Center Variation",A45,61388,0.00029729707282148644,0.09081579461784062,0.059213527073695184,white,0.09081579461784062,0.4966099141178243,0.5298225745564364,0.03321266043861215,8.120778673883276
Trompowsky Attack: Edge Variation,A45,32915,0.0001594046581077609,0.07999392374297433,0.0633753607777609,white,0.07999392374297433,0.5050023266635645,0.5430769230769231,0.03807459641335864,8.744064569276285
Trompowsky Attack: Raptor Variation,A45,13114,6.35100314879288e-05,0.08715876162879366,0.053301814854354125,white,0.08715876162879366,0.5087399854333576,0.5273972602739726,0.018657274840614968,9.664312688354697
Valencia Opening,A00,12886,6.240584609985134e-05,0.05525376377463914,0.07201614154896788,black,0.07201614154896788,0.47215686274509805,0.47797867408437644,0.005821811339278393,9.681851599479675
Van Geet Opening,A00,365398,0.0017695926861084495,0.08316137472016814,0.06825434184095151,white,0.08316137472016814,0.5027523503216229,0.47152297205890004,-0.031229378262722873,6.337005879720947
Van Geet Opening: Battambang Variation,A00,7557,3.6597934112725175e-05,0.09276167791451634,0.07635305015217679,white,0.09276167791451634,0.5076142131979695,0.46847246891651867,-0.03914174428145084,10.215518764157542
Van Geet Opening: Berlin Gambit,A00,7053,3.415710325486974e-05,0.14022401814830568,0.08889834113143344,white,0.14022401814830568,0.5211970074812967,0.5032563647128478,-0.017940642768448867,10.284539991970082
Van Geet Opening: Dunst-Perrenet Gambit,A00,30477,0.0001475976231247221,0.12727630672310267,0.0718902779144929,white,0.12727630672310267,0.5067712045616536,0.4810490045941807,-0.02572219996747288,8.821020749418608
Van Geet Opening: Grünfeld Defense,A00,18773,9.091610653674601e-05,0.12533958344430832,0.10264741916582326,white,0.12533958344430832,0.5066425120772947,0.4763402805085857,-0.030302231568709037,9.3055733828539
Van Geet Opening: Napoleon Attack,A00,30993,0.00015009656900300268,0.13264285483818927,0.08030845674829801,white,0.13264285483818927,0.5408333333333334,0.513184584178499,-0.027648749154834396,8.804231677660706
Van Geet Opening: Reversed Nimzowitsch,A00,127993,0.0006198596507727978,0.1018883845210285,0.09503644730571204,white,0.1018883845210285,0.5122126436781609,0.4755967111040153,-0.03661593257414558,7.386017475271923
Van Geet Opening: Sicilian Two Knights,A00,9378,4.541688846223854e-05,0.09298357858818511,0.07784175730432928,white,0.09298357858818511,0.47883597883597884,0.481717933836332,0.0028819550003531536,9.99962652952873
Van't Kruijs Opening,A00,2953558,0.014303840291400336,0.08544745016011197,0.08081947264959753,white,0.08544745016011197,0.4683966089200147,0.47664254755816693,0.008245938638152206,4.24722722592369
Vienna Game,C27,482513,0.0023367710708658675,0.10378994970083708,0.07491404376669644,white,0.10378994970083708,0.5312574850299401,0.5096683913569611,-0.02158909367297901,6.058985186774859
Vienna Game #2,C27,25403,0.00012302465532162995,0.13112624493170097,0.10833366137857733,white,0.13112624493170097,0.4862604540023895,0.47551686615886835,-0.01074358784352114,9.003125772909879
Vienna Game: Anderssen Defense,C25,173723,0.000841326307776228,0.10235835208924553,0.11619071740644589,black,0.11619071740644589,0.439615736505032,0.483982370740692,0.04436663423566001,7.080530973509837
Vienna Game: Falkbeer Variation,C26,161726,0.000783225816106205,0.09143860603737185,0.10426894871572907,black,0.10426894871572907,0.4683318465655665,0.49392644483362524,0.025594598268058766,7.1520895049492825
Vienna Game: Fyfe Gambit,C23,7864,3.808471005193473e-05,0.10846897253306205,0.15081383519837233,black,0.15081383519837233,,0.5319959370238699,,10.17569766735126
Vienna Game: Max Lange Defense,C25,235432,0.0011401779573940866,0.09451986136124231,0.08618199734955316,white,0.09451986136124231,0.496844762305427,0.4783359156269537,-0.0185088466784733,6.776570925781266
Vienna Game: Mengarini Variation,C26,26167,0.0001267246449553632,0.09267397867543088,0.07666144380326365,white,0.09267397867543088,0.47866419294990725,0.5126740807534316,0.03400988780352432,8.973493975303507
Vienna Game: Mieses Variation,C26,33352,0.00016152101343490935,0.07291916526745022,0.06953106260494123,white,0.07291916526745022,0.49928582764640533,0.4681334279630944,-0.03115239968331096,8.730875309617629
Vienna Game: Omaha Gambit,C25,31066,0.00015045010204392222,0.11700894868988605,0.067598017124831,white,0.11700894868988605,0.5359195402298851,0.5375395748530077,0.001620034623122657,8.80187907663041
Vienna Game: Paulsen Variation,C25,34202,0.00016563749404835602,0.06294953511490556,0.05862230278931057,white,0.06294953511490556,0.5190380761523046,0.47814018043025674,-0.04089789572204783,8.705708928305263
Vienna Game: Stanley Variation,C26,215843,0.0010453100294684319,0.10781447626283919,0.07777412285781796,white,0.10781447626283919,0.5078194816800715,0.5217668571131096,0.013947375433038034,6.86344175864869
"Vienna Game: Stanley Variation, Meitner-Mieses Gambit",C23,5251,2.5430164354362828e-05,0.364882879451533,0.10893163207008189,white,0.364882879451533,0.7338461538461538,0.6767676767676768,-0.05707847707847702,10.579574515540402
"Vienna Game: Stanley Variation, Reversed Spanish",C26,76939,0.00037260929637408525,0.11032116351915154,0.07825680084222567,white,0.11032116351915154,0.5025955639452572,0.5087240552385678,0.006128491293310612,7.894980150097068
"Vienna Game: Stanley Variation, Three Knights Variation",C28,66182,0.0003205140234813256,0.11093650841618567,0.08591459913571665,white,0.11093650841618567,0.4973995271867612,0.49780282272656773,0.000403295539806503,8.045584527548836
Vienna Game: Vienna Gambit,C28,157229,0.0007614472122018878,0.14421639773833073,0.08072938198423955,white,0.14421639773833073,0.5445621468926554,0.5365917865917866,-0.007970360300868728,7.180289708843559
"Vienna Game: Vienna Gambit, Main Line",C29,20079,9.724095792634759e-05,0.09816225907664725,0.12415956969968624,black,0.12415956969968624,0.47103128621089224,0.45575757575757575,-0.015273710453316491,9.23831855740951
"Vienna Game: Vienna Gambit, Steinitz Gambit, Knight Variation",C25,38200,0.0001849994816866616,0.13222513089005236,0.08162303664921466,white,0.13222513089005236,0.5023148148148148,0.5287989284119661,0.026484113597151304,8.595157534583596
Vienna Game: Zhuravlev Countergambit #2,C25,83234,0.0004030954675054343,0.1064709133286878,0.0793425763510104,white,0.1064709133286878,0.5236523652365237,0.49613776280636546,-0.02751460243015824,7.81633713199905
Wade Defense,A41,28081,0.0001359939907131713,0.06620134610590792,0.049677718029984684,white,0.06620134610590792,0.48386034255599475,0.5136054421768708,0.029745099620876014,8.902899859137014
Ware Defense,B00,109459,0.0005301010017261857,0.13864552024045532,0.060625439662339325,white,0.13864552024045532,0.4970382337102854,0.5507955386997598,0.05375730498947445,7.542443000279438
Ware Opening,A00,123820,0.0005996501524199591,0.06732353416249394,0.09826360846389921,black,0.09826360846389921,0.5002453385672228,0.5162090163934426,0.01596367782621988,7.419164152105038
Yusupov-Rubinstein System,A46,88840,0.0004302448678807072,0.06640027014858171,0.0475011256190905,white,0.06640027014858171,0.4865503749592436,0.49725850669246896,0.010708131733225379,7.751156051169898
Zukertort Opening,A04,24359,0.00011796864854464371,0.09347674370869083,0.0799704421363767,white,0.09347674370869083,0.47058823529411764,0.4844919786096257,0.013903743315508033,9.04509165910016
Zukertort Opening: Arctic Defense,A04,36055,0.00017461142178566973,0.09710165025655249,0.062127305505477744,white,0.09710165025655249,0.5,0.5276229092752154,0.02762290927521538,8.652947499827402
Zukertort Opening: Basman Defense,A04,12102,5.8608998098742895e-05,0.07370682531812923,0.057263262270699056,white,0.07370682531812923,0.5347490347490348,0.5202669303015324,-0.01448210444750242,9.744622321995996
Zukertort Opening: Black Mustang Defense,A04,286635,0.0013881499066297446,0.08002511905384897,0.07603746925532472,white,0.08002511905384897,0.5043509020162716,0.49016291717869787,-0.014187984837573775,6.57978342083468
Zukertort Opening: Double Fianchetto Attack,A49,5688,2.7546519681511284e-05,0.03463431786216596,0.04412798874824191,black,0.04412798874824191,0.42857142857142855,0.4481792717086835,0.019607843137254943,10.499634357695186
Zukertort Opening: Dutch Variation,A04,98201,0.0004755794267306768,0.07196464394456269,0.057830368326188125,white,0.07196464394456269,0.49215116279069765,0.5107082698323574,0.01855710704165975,7.650976651588165
Zukertort Opening: Grünfeld Reversed,A49,20207,9.786085147754897e-05,0.08531696936705102,0.037957143564111444,white,0.08531696936705102,0.5189775367931836,0.5012919896640827,-0.017685547129100865,9.231963971164765
Zukertort Opening: Herrstrom Gambit,A04,5833,2.8248742844981597e-05,0.10937767872449854,0.08006171781244642,white,0.10937767872449854,0.5180921052631579,0.5814234016887817,0.06333129642562385,10.474461602424624
Zukertort Opening: Kingside Fianchetto,A04,261004,0.0012640210659200372,0.059608281865412026,0.05070803512589846,white,0.059608281865412026,0.48737113402061855,0.4754106410665619,-0.011960492954056656,6.67345731732037
Zukertort Opening: Lisitsyn Gambit,A04,16212,7.851339259434967e-05,0.14988897113249444,0.11244756970145571,white,0.14988897113249444,0.5062158130283441,0.4806594800253646,-0.025556333002979437,9.452241341430062
Zukertort Opening: Nimzo-Larsen Variation,A04,70875,0.00034324183938591986,0.049312169312169314,0.049834215167548504,black,0.049834215167548504,0.44038450402455265,0.46448319863887705,0.0240986946143244,7.9770752881482085
Zukertort Opening: Old Indian Attack,A06,118766,0.0005751740429842422,0.06170116026472223,0.059663540070390514,white,0.06170116026472223,0.50498927538935,0.4767419783558003,-0.028247297033549723,7.460837879515462
Zukertort Opening: Pirc Invitation,A04,226138,0.001095167874074824,0.06043212551627767,0.051079429374983415,white,0.06043212551627767,0.48918326829602243,0.4982750932857713,0.009091824989748865,6.816847617807024
Zukertort Opening: Polish Defense,A04,11342,5.49283801384847e-05,0.08719802503967554,0.056251102098395345,white,0.08719802503967554,0.5073409461663948,0.5506573859242073,0.04331643975781252,9.809480400604288
Zukertort Opening: Queen's Gambit Invitation,A04,340430,0.0016486747002772304,0.07285785624063684,0.05393472960667391,white,0.07285785624063684,0.5152776256707918,0.5086721104427966,-0.00660551522799524,6.407783525770397
Zukertort Opening: Queenside Fianchetto Variation,A04,170942,0.0008278581517927043,0.08019094195692106,0.05401247206654889,white,0.08019094195692106,0.5062276401219027,0.5033814112155126,-0.0028462289063900803,7.096668732514997
Zukertort Opening: Quiet System,A04,43148,0.0002089622417752899,0.056804486882358396,0.06310837118754056,black,0.06310837118754056,0.4437981874746382,0.495761685638169,0.05196349816353085,8.473356983682942
Zukertort Opening: Reversed Mexican Defense,A06,108314,0.0005245558601939545,0.08682164817105822,0.0871078530937829,black,0.0871078530937829,0.4458628841607565,0.4970333625133742,0.05117047835261773,7.552958633999114
Zukertort Opening: Ross Gambit,A04,120917,0.0005855911603954466,0.1299072917786581,0.08249460373644732,white,0.1299072917786581,0.5658385093167702,0.5494388465634472,-0.01639966275332294,7.442888690384233
Zukertort Opening: Santasiere's Folly,A06,8044,3.895643535831167e-05,0.07707608155146693,0.06364992541024365,white,0.07707608155146693,0.48477466504263095,0.4855581576893052,0.0007834926466742664,10.153066578285719
Zukertort Opening: Sicilian Invitation,A04,482342,0.0023359429318248093,0.06579149234360682,0.05529479083306036,white,0.06579149234360682,0.49249017038007864,0.482873588996038,-0.009616581384040646,6.059339644184087
Zukertort Opening: Slav Invitation,A04,169846,0.0008225503132605425,0.06531210626096581,0.049580207953086916,white,0.06531210626096581,0.49464632684277976,0.4949216556933599,0.00027532885058012546,7.103100906058187
Zukertort Opening: St. George Defense,A04,14891,7.21158974292167e-05,0.07145255523470553,0.04848566248069303,white,0.07145255523470553,0.5074380165289256,0.5133333333333333,0.005895316804407691,9.537236046588056
Zukertort Opening: Tennison Gambit,A06,807661,0.003911436292631696,0.12855269723312132,0.13270295334304863,black,0.13270295334304863,0.4663909869614752,0.5121545314544039,0.04576354449292874,5.543850634168071
Zukertort Opening: The Walrus,A04,7605,3.683039419442569e-05,0.09690992767915844,0.10190664036817883,black,0.10190664036817883,0.41785714285714287,0.4400446179587284,0.02218747510158553,10.209187124484869
Zukertort Opening: Vos Gambit,A04,28748,0.00013922421726513475,0.11809517183804091,0.07729233337971338,white,0.11809517183804091,0.5050825921219823,0.5449487045731177,0.03986611245113547,8.879424850589928
Zukertort Opening: Wade Defense,A04,43316,0.0002097758520612417,0.08343337334933974,0.06311755471419336,white,0.08343337334933974,0.5073170731707317,0.5171174978867287,0.009800424715996958,8.469470968429992
Zukertort Opening: Ware Defense,A04,6760,3.273812817282284e-05,0.10857988165680474,0.05562130177514793,white,0.10857988165680474,0.5164609053497943,0.5521796565389696,0.035718751189175335,10.326970160141252
